JB,https://people.search.naver.com/search.naver?where=nexearch&sm=tab_ppn&query=got7jb&os=310066&ie=utf8&key=PeopleService
Joseph Lee,https://people.search.naver.com/search.naver?where=nexearch&sm=tab_ppn&query=%EC%A3%A0%EC%85%89%EB%A6%AC&os=6126268&ie=utf8&key=PeopleService
T.O.P,https://people.search.naver.com/search.naver?where=nexearch&sm=tab_ppn&query=%EB%B9%85%EB%B1%85t.o.p&os=126815&ie=utf8&key=PeopleService
강민경,https://people.search.naver.com/search.naver?where=nexearch&sm=tab_ppn&query=%EB%8B%A4%EB%B9%84%EC%B9%98%EA%B0%95%EB%AF%BC%EA%B2%BD&os=152723&ie=utf8&key=PeopleService
강성연,https://people.search.naver.com/search.naver?where=nexearch&sm=tab_ppn&query=%EA%B0%95%EC%84%B1%EC%97%B0&os=93970&ie=utf8&key=PeopleService
강소라,https://people.search.naver.com/search.naver?where=nexearch&sm=tab_ppn&query=%EA%B0%95%EC%86%8C%EB%9D%BC&os=170495&ie=utf8&key=PeopleService
강신일,https://people.search.naver.com/search.naver?where=nexearch&sm=tab_ppn&query=%EA%B0%95%EC%8B%A0%EC%9D%BC&os=101991&ie=utf8&key=PeopleService
강지환,https://people.search.naver.com/search.naver?where=nexearch&sm=tab_ppn&query=%EA%B0%95%EC%A7%80%ED%99%98&os=100143&ie=utf8&key=PeopleService
강태오,https://people.search.naver.com/search.naver?where=nexearch&sm=tab_ppn&query=%ED%83%A4%EB%9F%B0%ED%8A%B8%EA%B0%95%ED%83%9C%EC%98%A4&os=644448&ie=utf8&key=PeopleService
강하늘,https://people.search.naver.com/search.naver?where=nexearch&sm=tab_ppn&query=%EA%B0%95%ED%95%98%EB%8A%98&os=141952&ie=utf8&key=PeopleService
강혜정,https://people.search.naver.com/search.naver?where=nexearch&sm=tab_ppn&query=%EA%B0%95%ED%98%9C%EC%A0%95&os=97347&ie=utf8&key=PeopleService
강훈,https://people.search.naver.com/search.naver?where=nexearch&sm=tab_ppn&query=%EA%B0%95%ED%9B%88&os=6693073&ie=utf8&key=PeopleService
고경표,https://people.search.naver.com/search.naver?where=nexearch&sm=tab_ppn&query=%EA%B3%A0%EA%B2%BD%ED%91%9C&os=189613&ie=utf8&key=PeopleService
고두심,https://people.search.naver.com/search.naver?where=nexearch&sm=tab_ppn&query=%EA%B3%A0%EB%91%90%EC%8B%AC&os=96302&ie=utf8&key=PeopleService
고성희,https://people.search.naver.com/search.naver?where=nexearch&sm=tab_ppn&query=%EA%B3%A0%EC%84%B1%ED%9D%AC&os=161289&ie=utf8&key=PeopleService
고소영,https://people.search.naver.com/search.naver?where=nexearch&sm=tab_ppn&query=%EA%B3%A0%EC%86%8C%EC%98%81&os=93997&ie=utf8&key=PeopleService
고아라,https://people.search.naver.com/search.naver?where=nexearch&sm=tab_ppn&query=%EA%B3%A0%EC%95%84%EB%9D%BC&os=97504&ie=utf8&key=PeopleService
고아성,https://people.search.naver.com/search.naver?where=nexearch&sm=tab_ppn&query=%EA%B3%A0%EC%95%84%EC%84%B1&os=102290&ie=utf8&key=PeopleService
고원희,https://people.search.naver.com/search.naver?where=nexearch&sm=tab_ppn&query=%EA%B3%A0%EC%9B%90%ED%9D%AC&os=311198&ie=utf8&key=PeopleService
고창석,https://people.search.naver.com/search.naver?where=nexearch&sm=tab_ppn&query=%EA%B3%A0%EC%B0%BD%EC%84%9D&os=142881&ie=utf8&key=PeopleService
고현정,https://people.search.naver.com/search.naver?where=nexearch&sm=tab_ppn&query=%EA%B3%A0%ED%98%84%EC%A0%95&os=97379&ie=utf8&key=PeopleService
공명,https://people.search.naver.com/search.naver?where=nexearch&sm=tab_ppn&query=%EA%B3%B5%EB%AA%85&os=644453&ie=utf8&key=PeopleService
공승연,https://people.search.naver.com/search.naver?where=nexearch&sm=tab_ppn&query=%EA%B3%B5%EC%8A%B9%EC%97%B0&os=318598&ie=utf8&key=PeopleService
공유,https://people.search.naver.com/search.naver?where=nexearch&sm=tab_ppn&query=%EA%B3%B5%EC%9C%A0&os=94002&ie=utf8&key=PeopleService
공형진,https://people.search.naver.com/search.naver?where=nexearch&sm=tab_ppn&query=%EA%B3%B5%ED%98%95%EC%A7%84&os=96223&ie=utf8&key=PeopleService
공효진,https://people.search.naver.com/search.naver?where=nexearch&sm=tab_ppn&query=%EA%B3%B5%ED%9A%A8%EC%A7%84&os=94008&ie=utf8&key=PeopleService
곽동연,https://people.search.naver.com/search.naver?where=nexearch&sm=tab_ppn&query=%EA%B3%BD%EB%8F%99%EC%97%B0&os=314472&ie=utf8&key=PeopleService
구혜선,https://people.search.naver.com/search.naver?where=nexearch&sm=tab_ppn&query=%EA%B5%AC%ED%98%9C%EC%84%A0&os=95926&ie=utf8&key=PeopleService
권나라,https://people.search.naver.com/search.naver?where=nexearch&sm=tab_ppn&query=%ED%83%A4%EB%9F%B0%ED%8A%B8%EA%B6%8C%EB%82%98%EB%9D%BC&os=317130&ie=utf8&key=PeopleService
권상우,https://people.search.naver.com/search.naver?where=nexearch&sm=tab_ppn&query=%EA%B6%8C%EC%83%81%EC%9A%B0&os=94019&ie=utf8&key=PeopleService
길은혜,https://people.search.naver.com/search.naver?where=nexearch&sm=tab_ppn&query=%EA%B8%B8%EC%9D%80%ED%98%9C&os=216040&ie=utf8&key=PeopleService
김갑수,https://people.search.naver.com/search.naver?where=nexearch&sm=tab_ppn&query=%EA%B9%80%EA%B0%91%EC%88%98&os=95698&ie=utf8&key=PeopleService
김강우,https://people.search.naver.com/search.naver?where=nexearch&sm=tab_ppn&query=%EA%B9%80%EA%B0%95%EC%9A%B0&os=96359&ie=utf8&key=PeopleService
김견우,https://people.search.naver.com/search.naver?where=nexearch&query=%EA%B9%80%EA%B2%AC%EC%9A%B0&sm=tab_etc&ie=utf8&key=PeopleService&os=102061
김규리,https://people.search.naver.com/search.naver?where=nexearch&sm=tab_ppn&query=%ED%83%A4%EB%9F%B0%ED%8A%B8%EA%B9%80%EA%B7%9C%EB%A6%AC&os=94077&ie=utf8&key=PeopleService
김남길,https://people.search.naver.com/search.naver?where=nexearch&sm=tab_ppn&query=%EA%B9%80%EB%82%A8%EA%B8%B8&os=103935&ie=utf8&key=PeopleService
김다솜,https://people.search.naver.com/search.naver?where=nexearch&sm=tab_ppn&query=%ED%83%A4%EB%9F%B0%ED%8A%B8%EA%B9%80%EB%8B%A4%EC%86%9C&os=183653&ie=utf8&key=PeopleService
김래원,https://people.search.naver.com/search.naver?where=nexearch&sm=tab_ppn&query=%EA%B9%80%EB%9E%98%EC%9B%90&os=94073&ie=utf8&key=PeopleService
김명민,https://people.search.naver.com/search.naver?where=nexearch&sm=tab_ppn&query=%EA%B9%80%EB%AA%85%EB%AF%BC&os=97409&ie=utf8&key=PeopleService
김명수,https://people.search.naver.com/search.naver?where=nexearch&sm=tab_ppn&query=%EC%9D%B8%ED%94%BC%EB%8B%88%ED%8A%B8%EA%B9%80%EB%AA%85%EC%88%98&os=181384&ie=utf8&key=PeopleService
김민서,https://people.search.naver.com/search.naver?where=nexearch&sm=tab_ppn&query=%EA%B9%80%EB%AF%BC%EC%84%9C&os=126823&ie=utf8&key=PeopleService
김민재,https://people.search.naver.com/search.naver?where=nexearch&sm=tab_ppn&query=%EA%B9%80%EB%AF%BC%EC%9E%AC&os=2297434&ie=utf8&key=PeopleService
김민정,https://people.search.naver.com/search.naver?where=nexearch&sm=tab_ppn&query=%EA%B9%80%EB%AF%BC%EC%A0%95&os=94078&ie=utf8&key=PeopleService
김민준,https://people.search.naver.com/search.naver?where=nexearch&sm=tab_ppn&query=%EA%B9%80%EB%AF%BC%EC%A4%80&os=94292&ie=utf8&key=PeopleService
김민희,https://people.search.naver.com/search.naver?where=nexearch&sm=tab_ppn&query=%EA%B9%80%EB%AF%BC%ED%9D%AC&os=94081&ie=utf8&key=PeopleService
김범,https://people.search.naver.com/search.naver?where=nexearch&sm=tab_ppn&query=%EA%B9%80%EB%B2%94&os=128570&ie=utf8&key=PeopleService
김병철,https://people.search.naver.com/search.naver?where=nexearch&sm=tab_ppn&query=%EA%B9%80%EB%B3%91%EC%B2%A0&os=166970&ie=utf8&key=PeopleService
김보미,https://people.search.naver.com/search.naver?where=nexearch&sm=tab_ppn&query=%EA%B9%80%EB%B3%B4%EB%AF%B8&os=158639&ie=utf8&key=PeopleService
김상경,https://people.search.naver.com/search.naver?where=nexearch&sm=tab_ppn&query=%EA%B9%80%EC%83%81%EA%B2%BD&os=94090&ie=utf8&key=PeopleService
김새론,https://people.search.naver.com/search.naver?where=nexearch&sm=tab_ppn&query=%EA%B9%80%EC%83%88%EB%A1%A0&os=167881&ie=utf8&key=PeopleService
김선아,https://people.search.naver.com/search.naver?where=nexearch&sm=tab_ppn&query=%EA%B9%80%EC%84%A0%EC%95%84&os=94096&ie=utf8&key=PeopleService
김선호,https://people.search.naver.com/search.naver?where=nexearch&sm=tab_ppn&query=%EA%B9%80%EC%84%A0%ED%98%B8&os=2750920&ie=utf8&key=PeopleService
김성령,https://people.search.naver.com/search.naver?where=nexearch&sm=tab_ppn&query=%EA%B9%80%EC%84%B1%EB%A0%B9&os=94098&ie=utf8&key=PeopleService
김성수,https://people.search.naver.com/search.naver?where=nexearch&sm=tab_ppn&query=%EA%B9%80%EC%84%B1%EC%88%98&os=97951&ie=utf8&key=PeopleService
김세정,https://people.search.naver.com/search.naver?where=nexearch&sm=tab_ppn&query=%EA%B5%AC%EA%B5%AC%EB%8B%A8%EC%84%B8%EC%A0%95&os=3579058&ie=utf8&key=PeopleService
김소은,https://people.search.naver.com/search.naver?where=nexearch&sm=tab_ppn&query=%EA%B9%80%EC%86%8C%EC%9D%80&os=112304&ie=utf8&key=PeopleService
김소현,https://people.search.naver.com/search.naver?where=nexearch&sm=tab_ppn&query=%EA%B9%80%EC%86%8C%ED%98%84&os=150748&ie=utf8&key=PeopleService
김소혜,https://people.search.naver.com/search.naver?where=nexearch&sm=tab_ppn&query=%EA%B9%80%EC%86%8C%ED%98%9C&os=3601051&ie=utf8&key=PeopleService
김수로,https://people.search.naver.com/search.naver?where=nexearch&sm=tab_ppn&query=%EA%B9%80%EC%88%98%EB%A1%9C&os=96356&ie=utf8&key=PeopleService
김수현,https://people.search.naver.com/search.naver?where=nexearch&sm=tab_ppn&query=%EA%B9%80%EC%88%98%ED%98%84&os=146118&ie=utf8&key=PeopleService
김승우,https://people.search.naver.com/search.naver?where=nexearch&sm=tab_ppn&query=%EA%B9%80%EC%8A%B9%EC%9A%B0&os=94114&ie=utf8&key=PeopleService
김시후,https://people.search.naver.com/search.naver?where=nexearch&sm=tab_ppn&query=%EA%B9%80%EC%8B%9C%ED%9B%84&os=99882&ie=utf8&key=PeopleService
김아중,https://people.search.naver.com/search.naver?where=nexearch&sm=tab_ppn&query=%EA%B9%80%EC%95%84%EC%A4%91&os=98099&ie=utf8&key=PeopleService
김여진,https://people.search.naver.com/search.naver?where=nexearch&sm=tab_ppn&query=%EA%B9%80%EC%97%AC%EC%A7%84&os=96433&ie=utf8&key=PeopleService
김영광,https://people.search.naver.com/search.naver?where=nexearch&sm=tab_ppn&query=%EA%B9%80%EC%98%81%EA%B4%91&os=152411&ie=utf8&key=PeopleService
김영애,https://people.search.naver.com/search.naver?where=nexearch&sm=tab_ppn&query=%EA%B9%80%EC%98%81%EC%95%A0&os=96270&ie=utf8&key=PeopleService
김영철,https://people.search.naver.com/search.naver?where=nexearch&sm=tab_ppn&query=%EA%B9%80%EC%98%81%EC%B2%A0&os=96319&ie=utf8&key=PeopleService
김옥빈,https://people.search.naver.com/search.naver?where=nexearch&sm=tab_ppn&query=%EA%B9%80%EC%98%A5%EB%B9%88&os=102938&ie=utf8&key=PeopleService
김우빈,https://people.search.naver.com/search.naver?where=nexearch&sm=tab_ppn&query=%EA%B9%80%EC%9A%B0%EB%B9%88&os=163544&ie=utf8&key=PeopleService
김유리,https://people.search.naver.com/search.naver?where=nexearch&sm=tab_ppn&query=%EA%B9%80%EC%9C%A0%EB%A6%AC&os=163059&ie=utf8&key=PeopleService
김유빈,https://people.search.naver.com/search.naver?where=nexearch&sm=tab_ppn&query=%EA%B9%80%EC%9C%A0%EB%B9%88&os=177554&ie=utf8&key=PeopleService
김유정,https://people.search.naver.com/search.naver?where=nexearch&sm=tab_ppn&query=%EA%B9%80%EC%9C%A0%EC%A0%95&os=102306&ie=utf8&key=PeopleService
김재욱,https://people.search.naver.com/search.naver?where=nexearch&sm=tab_ppn&query=%EA%B9%80%EC%9E%AC%EC%9A%B1&os=141263&ie=utf8&key=PeopleService
김재원,https://people.search.naver.com/search.naver?where=nexearch&sm=tab_ppn&query=%EA%B9%80%EC%9E%AC%EC%9B%90&os=94135&ie=utf8&key=PeopleService
김재중,https://people.search.naver.com/search.naver?where=nexearch&sm=tab_ppn&query=%EA%B9%80%EC%9E%AC%EC%A4%91&os=97760&ie=utf8&key=PeopleService
김정은,https://people.search.naver.com/search.naver?where=nexearch&sm=tab_ppn&query=%EA%B9%80%EC%A0%95%EC%9D%80&os=94138&ie=utf8&key=PeopleService
김정현,https://people.search.naver.com/search.naver?where=nexearch&sm=tab_ppn&query=%EA%B9%80%EC%A0%95%ED%98%84&os=3100201&ie=utf8&key=PeopleService
김준,https://people.search.naver.com/search.naver?where=nexearch&sm=tab_ppn&query=%EA%B9%80%EC%A4%80&os=144812&ie=utf8&key=PeopleService
김지석,https://people.search.naver.com/search.naver?where=nexearch&sm=tab_ppn&query=%EA%B9%80%EC%A7%80%EC%84%9D&os=111884&ie=utf8&key=PeopleService
김지원,https://people.search.naver.com/search.naver?where=nexearch&sm=tab_ppn&query=%EA%B9%80%EC%A7%80%EC%9B%90&os=182527&ie=utf8&key=PeopleService
김지훈,https://people.search.naver.com/search.naver?where=nexearch&sm=tab_ppn&query=%EA%B9%80%EC%A7%80%ED%9B%88&os=105100&ie=utf8&key=PeopleService
김진경,https://people.search.naver.com/search.naver?where=nexearch&sm=tab_ppn&query=%EA%B9%80%EC%A7%84%EA%B2%BD&os=530828&ie=utf8&key=PeopleService
김태희,https://people.search.naver.com/search.naver?where=nexearch&sm=tab_ppn&query=%EA%B9%80%ED%83%9C%ED%9D%AC&os=94169&ie=utf8&key=PeopleService
김하늘,https://people.search.naver.com/search.naver?where=nexearch&sm=tab_ppn&query=%EA%B9%80%ED%95%98%EB%8A%98&os=94171&ie=utf8&key=PeopleService
김현숙,https://people.search.naver.com/search.naver?where=nexearch&sm=tab_ppn&query=%EA%B9%80%ED%98%84%EC%88%99&os=102951&ie=utf8&key=PeopleService
김현주,https://people.search.naver.com/search.naver?where=nexearch&sm=tab_ppn&query=%EA%B9%80%ED%98%84%EC%A3%BC&os=94181&ie=utf8&key=PeopleService
김현중,https://people.search.naver.com/search.naver?where=nexearch&sm=tab_ppn&query=%EA%B9%80%ED%98%84%EC%A4%91&os=109408&ie=utf8&key=PeopleService
김혜수,https://people.search.naver.com/search.naver?where=nexearch&sm=tab_ppn&query=%EA%B9%80%ED%98%9C%EC%88%98&os=94186&ie=utf8&key=PeopleService
김혜자,https://people.search.naver.com/search.naver?where=nexearch&sm=tab_ppn&query=%EA%B9%80%ED%98%9C%EC%9E%90&os=98433&ie=utf8&key=PeopleService
김효진,https://people.search.naver.com/search.naver?where=nexearch&sm=tab_ppn&query=%EC%98%81%ED%99%94%EB%B0%B0%EC%9A%B0%EA%B9%80%ED%9A%A8%EC%A7%84&os=94188&ie=utf8&key=PeopleService
나나,https://people.search.naver.com/search.naver?where=nexearch&sm=tab_ppn&query=%EC%95%A0%ED%94%84%ED%84%B0%EC%8A%A4%EC%BF%A8%EB%82%98%EB%82%98&os=175779&ie=utf8&key=PeopleService
남궁민,https://people.search.naver.com/search.naver?where=nexearch&sm=tab_ppn&query=%EB%82%A8%EA%B6%81%EB%AF%BC&os=94200&ie=utf8&key=PeopleService
남규리,https://people.search.naver.com/search.naver?where=nexearch&sm=tab_ppn&query=%EB%82%A8%EA%B7%9C%EB%A6%AC&os=121312&ie=utf8&key=PeopleService
남상미,https://people.search.naver.com/search.naver?where=nexearch&sm=tab_ppn&query=%EB%82%A8%EC%83%81%EB%AF%B8&os=94203&ie=utf8&key=PeopleService
남우현,https://people.search.naver.com/search.naver?where=nexearch&sm=tab_ppn&query=%EC%9D%B8%ED%94%BC%EB%8B%88%ED%8A%B8%EB%82%A8%EC%9A%B0%ED%98%84&os=181380&ie=utf8&key=PeopleService
남주혁,https://people.search.naver.com/search.naver?where=nexearch&sm=tab_ppn&query=%EB%82%A8%EC%A3%BC%ED%98%81&os=1894076&ie=utf8&key=PeopleService
노광식,https://people.search.naver.com/search.naver?where=nexearch&sm=tab_ppn&query=%EB%8D%94%EB%85%B8%EB%93%9C&os=3844763&ie=utf8&key=PeopleService
다니엘 헤니,https://people.search.naver.com/search.naver?where=nexearch&sm=tab_ppn&query=%EB%8B%A4%EB%8B%88%EC%97%98%ED%97%A4%EB%8B%88&os=112111&ie=utf8&key=PeopleService
도지원,https://people.search.naver.com/search.naver?where=nexearch&sm=tab_ppn&query=%EB%8F%84%EC%A7%80%EC%9B%90&os=94231&ie=utf8&key=PeopleService
라미란,https://people.search.naver.com/search.naver?where=nexearch&sm=tab_ppn&query=%EB%9D%BC%EB%AF%B8%EB%9E%80&os=155868&ie=utf8&key=PeopleService
류수영,https://people.search.naver.com/search.naver?where=nexearch&sm=tab_ppn&query=%EB%A5%98%EC%88%98%EC%98%81&os=94267&ie=utf8&key=PeopleService
류승수,https://people.search.naver.com/search.naver?where=nexearch&sm=tab_ppn&query=%EB%A5%98%EC%8A%B9%EC%88%98&os=98039&ie=utf8&key=PeopleService
류진,https://people.search.naver.com/search.naver?where=nexearch&sm=tab_ppn&query=%ED%83%A4%EB%9F%B0%ED%8A%B8%EB%A5%98%EC%A7%84&os=94270&ie=utf8&key=PeopleService
류현경,https://people.search.naver.com/search.naver?where=nexearch&sm=tab_ppn&query=%EB%A5%98%ED%98%84%EA%B2%BD&os=96113&ie=utf8&key=PeopleService
류화영,https://people.search.naver.com/search.naver?where=nexearch&sm=tab_ppn&query=%EB%A5%98%ED%99%94%EC%98%81&os=186516&ie=utf8&key=PeopleService
류효영,https://people.search.naver.com/search.naver?where=nexearch&sm=tab_ppn&query=%EC%A0%95%EC%9A%B0%EC%97%B0&os=181854&ie=utf8&key=PeopleService
문근영,https://people.search.naver.com/search.naver?where=nexearch&sm=tab_ppn&query=%EB%AC%B8%EA%B7%BC%EC%98%81&os=94305&ie=utf8&key=PeopleService
문정혁,https://people.search.naver.com/search.naver?where=nexearch&sm=tab_ppn&query=%EC%8B%A0%ED%99%94%EC%97%90%EB%A6%AD&os=94625&ie=utf8&key=PeopleService
문채원,https://people.search.naver.com/search.naver?where=nexearch&sm=tab_ppn&query=%EB%AC%B8%EC%B1%84%EC%9B%90&os=133876&ie=utf8&key=PeopleService
민효린,https://people.search.naver.com/search.naver?where=nexearch&sm=tab_ppn&query=%EB%AF%BC%ED%9A%A8%EB%A6%B0&os=126766&ie=utf8&key=PeopleService
바로,https://people.search.naver.com/search.naver?where=nexearch&sm=tab_ppn&query=%ED%83%A4%EB%9F%B0%ED%8A%B8%EC%B0%A8%EC%84%A0%EC%9A%B0&os=218647&ie=utf8&key=PeopleService
박기웅,https://people.search.naver.com/search.naver?where=nexearch&sm=tab_ppn&query=%EB%B0%95%EA%B8%B0%EC%9B%85&os=117946&ie=utf8&key=PeopleService
박민영,https://people.search.naver.com/search.naver?where=nexearch&sm=tab_ppn&query=%EB%B0%95%EB%AF%BC%EC%98%81&os=135141&ie=utf8&key=PeopleService
박병은,https://people.search.naver.com/search.naver?where=nexearch&sm=tab_ppn&query=%EB%B0%95%EB%B3%91%EC%9D%80&os=105320&ie=utf8&key=PeopleService
박보검,https://people.search.naver.com/search.naver?where=nexearch&sm=tab_ppn&query=%EB%B0%95%EB%B3%B4%EA%B2%80&os=474272&ie=utf8&key=PeopleService
박서준,https://people.search.naver.com/search.naver?where=nexearch&sm=tab_ppn&query=%EB%B0%95%EC%84%9C%EC%A4%80&os=248057&ie=utf8&key=PeopleService
박선영,https://people.search.naver.com/search.naver?where=nexearch&sm=tab_ppn&query=%EB%B0%95%EC%84%A0%EC%98%81&os=94333&ie=utf8&key=PeopleService
박성웅,https://people.search.naver.com/search.naver?where=nexearch&sm=tab_ppn&query=%EB%B0%95%EC%84%B1%EC%9B%85&os=100676&ie=utf8&key=PeopleService
박성훈,https://people.search.naver.com/search.naver?where=nexearch&sm=tab_ppn&query=%EB%B0%95%EC%84%B1%ED%9B%88&os=263800&ie=utf8&key=PeopleService
박세영,https://people.search.naver.com/search.naver?where=nexearch&sm=tab_ppn&query=%EB%B0%95%EC%84%B8%EC%98%81&os=309874&ie=utf8&key=PeopleService
박세완,https://people.search.naver.com/search.naver?where=nexearch&sm=tab_ppn&query=%EB%B0%95%EC%84%B8%EC%99%84&os=3722409&ie=utf8&key=PeopleService
박소담,https://people.search.naver.com/search.naver?where=nexearch&sm=tab_ppn&query=%EB%B0%95%EC%86%8C%EB%8B%B4&os=1925836&ie=utf8&key=PeopleService
박솔미,https://people.search.naver.com/search.naver?where=nexearch&sm=tab_ppn&query=%EB%B0%95%EC%86%94%EB%AF%B8&os=94336&ie=utf8&key=PeopleService
박시연,https://people.search.naver.com/search.naver?where=nexearch&sm=tab_ppn&query=%EB%B0%95%EC%8B%9C%EC%97%B0&os=108757&ie=utf8&key=PeopleService
박시후,https://people.search.naver.com/search.naver?where=nexearch&sm=tab_ppn&query=%EB%B0%95%EC%8B%9C%ED%9B%84&os=103130&ie=utf8&key=PeopleService
박신양,https://people.search.naver.com/search.naver?where=nexearch&sm=tab_ppn&query=%EB%B0%95%EC%8B%A0%EC%96%91&os=94339&ie=utf8&key=PeopleService
박영규,https://people.search.naver.com/search.naver?where=nexearch&sm=tab_ppn&query=%EB%B0%95%EC%98%81%EA%B7%9C&os=96019&ie=utf8&key=PeopleService
박예진,https://people.search.naver.com/search.naver?where=nexearch&sm=tab_ppn&query=%EB%B0%95%EC%98%88%EC%A7%84&os=94343&ie=utf8&key=PeopleService
박용하,https://people.search.naver.com/search.naver?where=nexearch&sm=tab_ppn&query=%EB%B0%95%EC%9A%A9%ED%95%98&os=94345&ie=utf8&key=PeopleService
박유천,https://people.search.naver.com/search.naver?where=nexearch&sm=tab_ppn&query=%EB%B0%95%EC%9C%A0%EC%B2%9C&os=97767&ie=utf8&key=PeopleService
박은빈,https://people.search.naver.com/search.naver?where=nexearch&sm=tab_ppn&query=%EB%B0%95%EC%9D%80%EB%B9%88&os=96448&ie=utf8&key=PeopleService
박지연,https://people.search.naver.com/search.naver?where=nexearch&sm=tab_ppn&query=%ED%8B%B0%EC%95%84%EB%9D%BC%EC%A7%80%EC%97%B0&os=166541&ie=utf8&key=PeopleService
박지영,https://people.search.naver.com/search.naver?where=nexearch&sm=tab_ppn&query=%EB%B0%95%EC%A7%80%EC%98%81&os=97508&ie=utf8&key=PeopleService
박진희,https://people.search.naver.com/search.naver?where=nexearch&sm=tab_ppn&query=%EB%B0%95%EC%A7%84%ED%9D%AC&os=94367&ie=utf8&key=PeopleService
박하선,https://people.search.naver.com/search.naver?where=nexearch&sm=tab_ppn&query=%EB%B0%95%ED%95%98%EC%84%A0&os=96453&ie=utf8&key=PeopleService
박해진,https://people.search.naver.com/search.naver?where=nexearch&sm=tab_ppn&query=%EB%B0%95%ED%95%B4%EC%A7%84&os=121837&ie=utf8&key=PeopleService
박형식,https://people.search.naver.com/search.naver?where=nexearch&sm=tab_ppn&query=%EB%B0%95%ED%98%95%EC%8B%9D&os=166354&ie=utf8&key=PeopleService
박환희,https://people.search.naver.com/search.naver?where=nexearch&sm=tab_ppn&query=%EB%B0%95%ED%99%98%ED%9D%AC&os=234449&ie=utf8&key=PeopleService
배두나,https://people.search.naver.com/search.naver?where=nexearch&sm=tab_ppn&query=%EB%B0%B0%EB%91%90%EB%82%98&os=94388&ie=utf8&key=PeopleService
배수빈,https://people.search.naver.com/search.naver?where=nexearch&sm=tab_ppn&query=%EB%B0%B0%EC%88%98%EB%B9%88&os=102040&ie=utf8&key=PeopleService
배수지,https://people.search.naver.com/search.naver?where=nexearch&sm=tab_ppn&query=%EB%AF%B8%EC%93%B0%EC%97%90%EC%9D%B4%EC%88%98%EC%A7%80&os=185919&ie=utf8&key=PeopleService
배종옥,https://people.search.naver.com/search.naver?where=nexearch&sm=tab_ppn&query=%EB%B0%B0%EC%A2%85%EC%98%A5&os=94392&ie=utf8&key=PeopleService
백진희,https://people.search.naver.com/search.naver?where=nexearch&sm=tab_ppn&query=%EB%B0%B1%EC%A7%84%ED%9D%AC&os=160247&ie=utf8&key=PeopleService
백철민,https://people.search.naver.com/search.naver?where=nexearch&sm=tab_ppn&query=%EB%B0%B1%EC%B2%A0%EB%AF%BC&os=644939&ie=utf8&key=PeopleService
보나,https://people.search.naver.com/search.naver?where=nexearch&sm=tab_ppn&query=%EC%9A%B0%EC%A3%BC%EC%86%8C%EB%85%80%EB%B3%B4%EB%82%98&os=3318735&ie=utf8&key=PeopleService
서강준,https://people.search.naver.com/search.naver?where=nexearch&sm=tab_ppn&query=%EB%B0%B0%EC%9A%B0%EC%84%9C%EA%B0%95%EC%A4%80&os=644455&ie=utf8&key=PeopleService
서도영,https://people.search.naver.com/search.naver?where=nexearch&sm=tab_ppn&query=%EC%84%9C%EB%8F%84%EC%98%81&os=111773&ie=utf8&key=PeopleService
서신애,https://people.search.naver.com/search.naver?where=nexearch&sm=tab_ppn&query=%EC%84%9C%EC%8B%A0%EC%95%A0&os=117686&ie=utf8&key=PeopleService
서영주,https://people.search.naver.com/search.naver?where=nexearch&sm=tab_ppn&query=%EC%84%9C%EC%98%81%EC%A3%BC&os=216915&ie=utf8&key=PeopleService
서예지,https://people.search.naver.com/search.naver?where=nexearch&sm=tab_ppn&query=%EC%84%9C%EC%98%88%EC%A7%80&os=577464&ie=utf8&key=PeopleService
서우,https://people.search.naver.com/search.naver?where=nexearch&sm=tab_ppn&query=%EC%84%9C%EC%9A%B0&os=144132&ie=utf8&key=PeopleService
서인국,https://people.search.naver.com/search.naver?where=nexearch&sm=tab_ppn&query=%EC%84%9C%EC%9D%B8%EA%B5%AD&os=174290&ie=utf8&key=PeopleService
서지혜,https://people.search.naver.com/search.naver?where=nexearch&sm=tab_ppn&query=%ED%83%A4%EB%9F%B0%ED%8A%B8%EC%84%9C%EC%A7%80%ED%98%9C&os=101006&ie=utf8&key=PeopleService
서지훈,https://people.search.naver.com/search.naver?where=nexearch&sm=tab_ppn&query=%EC%84%9C%EC%A7%80%ED%9B%88&os=3568803&ie=utf8&key=PeopleService
서효림,https://people.search.naver.com/search.naver?where=nexearch&sm=tab_ppn&query=%EC%84%9C%ED%9A%A8%EB%A6%BC&os=141101&ie=utf8&key=PeopleService
선우선,https://people.search.naver.com/search.naver?where=nexearch&sm=tab_ppn&query=%EC%84%A0%EC%9A%B0%EC%84%A0&os=101542&ie=utf8&key=PeopleService
설현,https://people.search.naver.com/search.naver?where=nexearch&sm=tab_ppn&query=aoa%EC%84%A4%ED%98%84&os=312242&ie=utf8&key=PeopleService
성유리,https://people.search.naver.com/search.naver?where=nexearch&sm=tab_ppn&query=%EC%84%B1%EC%9C%A0%EB%A6%AC&os=94477&ie=utf8&key=PeopleService
성준,https://people.search.naver.com/search.naver?where=nexearch&sm=tab_ppn&query=%EC%84%B1%EC%A4%80&os=169930&ie=utf8&key=PeopleService
소지섭,https://people.search.naver.com/search.naver?where=nexearch&sm=tab_ppn&query=%EC%86%8C%EC%A7%80%EC%84%AD&os=94492&ie=utf8&key=PeopleService
손석구,https://people.search.naver.com/search.naver?where=nexearch&sm=tab_ppn&query=%EC%86%90%EC%84%9D%EA%B5%AC&os=6263698&ie=utf8&key=PeopleService
손예진,https://people.search.naver.com/search.naver?where=nexearch&sm=tab_ppn&query=%EC%86%90%EC%98%88%EC%A7%84&os=94496&ie=utf8&key=PeopleService
손태영,https://people.search.naver.com/search.naver?where=nexearch&sm=tab_ppn&query=%EC%86%90%ED%83%9C%EC%98%81&os=94499&ie=utf8&key=PeopleService
손현주,https://people.search.naver.com/search.naver?where=nexearch&sm=tab_ppn&query=%EC%86%90%ED%98%84%EC%A3%BC&os=97610&ie=utf8&key=PeopleService
손호준,https://people.search.naver.com/search.naver?where=nexearch&sm=tab_ppn&query=%EC%86%90%ED%98%B8%EC%A4%80&os=118605&ie=utf8&key=PeopleService
송윤아,https://people.search.naver.com/search.naver?where=nexearch&sm=tab_ppn&query=%EC%86%A1%EC%9C%A4%EC%95%84&os=94509&ie=utf8&key=PeopleService
송일국,https://people.search.naver.com/search.naver?where=nexearch&sm=tab_ppn&query=%EC%86%A1%EC%9D%BC%EA%B5%AD&os=94512&ie=utf8&key=PeopleService
송재림,https://people.search.naver.com/search.naver?where=nexearch&sm=tab_ppn&query=%EC%86%A1%EC%9E%AC%EB%A6%BC&os=163066&ie=utf8&key=PeopleService
송종호,https://people.search.naver.com/search.naver?where=nexearch&sm=tab_ppn&query=%EC%86%A1%EC%A2%85%ED%98%B8&os=94515&ie=utf8&key=PeopleService
송중기,https://people.search.naver.com/search.naver?where=nexearch&sm=tab_ppn&query=%EC%86%A1%EC%A4%91%EA%B8%B0&os=154769&ie=utf8&key=PeopleService
송지효,https://people.search.naver.com/search.naver?where=nexearch&sm=tab_ppn&query=%EC%86%A1%EC%A7%80%ED%9A%A8&os=95291&ie=utf8&key=PeopleService
송하윤,https://people.search.naver.com/search.naver?where=nexearch&sm=tab_ppn&query=%EC%86%A1%ED%95%98%EC%9C%A4&os=102834&ie=utf8&key=PeopleService
송혜교,https://people.search.naver.com/search.naver?where=nexearch&sm=tab_ppn&query=%EC%86%A1%ED%98%9C%EA%B5%90&os=94517&ie=utf8&key=PeopleService
수애,https://people.search.naver.com/search.naver?where=nexearch&sm=tab_ppn&query=%EC%88%98%EC%95%A0&os=94518&ie=utf8&key=PeopleService
신민아,https://people.search.naver.com/search.naver?where=nexearch&sm=tab_ppn&query=%EC%8B%A0%EB%AF%BC%EC%95%84&os=94532&ie=utf8&key=PeopleService
신성록,https://people.search.naver.com/search.naver?where=nexearch&sm=tab_ppn&query=%EC%8B%A0%EC%84%B1%EB%A1%9D&os=115385&ie=utf8&key=PeopleService
신세경,https://people.search.naver.com/search.naver?where=nexearch&sm=tab_ppn&query=%EC%8B%A0%EC%84%B8%EA%B2%BD&os=99106&ie=utf8&key=PeopleService
신승호,https://people.search.naver.com/search.naver?where=nexearch&sm=tab_ppn&query=%EC%8B%A0%EC%8A%B9%ED%98%B8&os=4564367&ie=utf8&key=PeopleService
신예은,https://people.search.naver.com/search.naver?where=nexearch&sm=tab_ppn&query=%EC%8B%A0%EC%98%88%EC%9D%80&os=9086264&ie=utf8&key=PeopleService
신하균,https://people.search.naver.com/search.naver?where=nexearch&sm=tab_ppn&query=%EC%8B%A0%ED%95%98%EA%B7%A0&os=94552&ie=utf8&key=PeopleService
신현빈,https://people.search.naver.com/search.naver?where=nexearch&sm=tab_ppn&query=%EC%8B%A0%ED%98%84%EB%B9%88&os=188912&ie=utf8&key=PeopleService
신현준,https://people.search.naver.com/search.naver?where=nexearch&sm=tab_ppn&query=%EC%8B%A0%ED%98%84%EC%A4%80&os=94556&ie=utf8&key=PeopleService
신혜선,https://people.search.naver.com/search.naver?where=nexearch&sm=tab_ppn&query=%EC%8B%A0%ED%98%9C%EC%84%A0&os=556743&ie=utf8&key=PeopleService
심은경,https://people.search.naver.com/search.naver?where=nexearch&sm=tab_ppn&query=%EC%8B%AC%EC%9D%80%EA%B2%BD&os=102592&ie=utf8&key=PeopleService
아이유,https://people.search.naver.com/search.naver?where=nexearch&sm=tab_ppn&query=%EC%95%84%EC%9D%B4%EC%9C%A0&os=159229&ie=utf8&key=PeopleService
안도규,https://people.search.naver.com/search.naver?where=nexearch&sm=tab_ppn&query=%EC%95%88%EB%8F%84%EA%B7%9C&os=177712&ie=utf8&key=PeopleService
안재욱,https://people.search.naver.com/search.naver?where=nexearch&sm=tab_ppn&query=%EC%95%88%EC%9E%AC%EC%9A%B1&os=94596&ie=utf8&key=PeopleService
안재현,https://people.search.naver.com/search.naver?where=nexearch&sm=tab_ppn&query=%EC%95%88%EC%9E%AC%ED%98%84&os=263205&ie=utf8&key=PeopleService
안재홍,https://people.search.naver.com/search.naver?where=nexearch&sm=tab_ppn&query=%EC%95%88%EC%9E%AC%ED%99%8D&os=557013&ie=utf8&key=PeopleService
양동근,https://people.search.naver.com/search.naver?where=nexearch&sm=tab_ppn&query=%EC%96%91%EB%8F%99%EA%B7%BC&os=94608&ie=utf8&key=PeopleService
양정아,https://people.search.naver.com/search.naver?where=nexearch&sm=tab_ppn&query=%EC%96%91%EC%A0%95%EC%95%84&os=94529&ie=utf8&key=PeopleService
엄기준,https://people.search.naver.com/search.naver?where=nexearch&sm=tab_ppn&query=%EC%97%84%EA%B8%B0%EC%A4%80&os=108396&ie=utf8&key=PeopleService
엄정화,https://people.search.naver.com/search.naver?where=nexearch&sm=tab_ppn&query=%EC%97%84%EC%A0%95%ED%99%94&os=94622&ie=utf8&key=PeopleService
엄태웅,https://people.search.naver.com/search.naver?where=nexearch&query=%EC%97%84%ED%83%9C%EC%9B%85&sm=ppl_cts&ie=utf8&key=PeopleService&os=96400
여진구,https://people.search.naver.com/search.naver?where=nexearch&sm=tab_ppn&query=%EC%97%AC%EC%A7%84%EA%B5%AC&os=115144&ie=utf8&key=PeopleService
여회현,https://people.search.naver.com/search.naver?where=nexearch&sm=tab_ppn&query=%EC%97%AC%ED%9A%8C%ED%98%84&os=2666123&ie=utf8&key=PeopleService
연우진,https://people.search.naver.com/search.naver?where=nexearch&sm=tab_ppn&query=%EC%97%B0%EC%9A%B0%EC%A7%84&os=165081&ie=utf8&key=PeopleService
예지원,https://people.search.naver.com/search.naver?where=nexearch&sm=tab_ppn&query=%EC%98%88%EC%A7%80%EC%9B%90&os=93917&ie=utf8&key=PeopleService
오나라,https://people.search.naver.com/search.naver?where=nexearch&sm=tab_ppn&query=%EC%98%A4%EB%82%98%EB%9D%BC&os=115641&ie=utf8&key=PeopleService
오만석,https://people.search.naver.com/search.naver?where=nexearch&sm=tab_ppn&query=%EC%98%A4%EB%A7%8C%EC%84%9D&os=108531&ie=utf8&key=PeopleService
오연수,https://people.search.naver.com/search.naver?where=nexearch&sm=tab_ppn&query=%EC%98%A4%EC%97%B0%EC%88%98&os=96224&ie=utf8&key=PeopleService
오윤아,https://people.search.naver.com/search.naver?where=nexearch&sm=tab_ppn&query=%EC%98%A4%EC%9C%A4%EC%95%84&os=94655&ie=utf8&key=PeopleService
오정세,https://people.search.naver.com/search.naver?where=nexearch&sm=tab_ppn&query=%EC%98%A4%EC%A0%95%EC%84%B8&os=115940&ie=utf8&key=PeopleService
오지호,https://people.search.naver.com/search.naver?where=nexearch&sm=tab_ppn&query=%EC%98%A4%EC%A7%80%ED%98%B8&os=94658&ie=utf8&key=PeopleService
오희준,https://people.search.naver.com/search.naver?where=nexearch&sm=tab_ppn&query=%EC%98%A4%ED%9D%AC%EC%A4%80&os=187537&ie=utf8&key=PeopleService
옥택연,https://people.search.naver.com/search.naver?where=nexearch&sm=tab_ppn&query=%EC%98%A5%ED%83%9D%EC%97%B0&os=151751&ie=utf8&key=PeopleService
온주완,https://people.search.naver.com/search.naver?where=nexearch&sm=tab_ppn&query=%EC%98%A8%EC%A3%BC%EC%99%84&os=96103&ie=utf8&key=PeopleService
왕빛나,https://people.search.naver.com/search.naver?where=nexearch&sm=tab_ppn&query=%EC%99%95%EB%B9%9B%EB%82%98&os=97436&ie=utf8&key=PeopleService
왕지혜,https://people.search.naver.com/search.naver?where=nexearch&query=%EC%99%95%EC%A7%80%ED%98%9C&sm=tab_etc&ie=utf8&key=PeopleService&os=96469
우도환,https://people.search.naver.com/search.naver?where=nexearch&sm=tab_ppn&query=%EC%9A%B0%EB%8F%84%ED%99%98&os=4091619&ie=utf8&key=PeopleService
유건,https://people.search.naver.com/search.naver?where=nexearch&sm=tab_ppn&query=%EC%9C%A0%EA%B1%B4&os=105080&ie=utf8&key=PeopleService
유다인,https://people.search.naver.com/search.naver?where=nexearch&sm=tab_ppn&query=%EC%9C%A0%EB%8B%A4%EC%9D%B8&os=111054&ie=utf8&key=PeopleService
유라,https://people.search.naver.com/search.naver?where=nexearch&sm=tab_ppn&query=%EA%B1%B8%EC%8A%A4%EB%8D%B0%EC%9D%B4%EC%9C%A0%EB%9D%BC&os=189556&ie=utf8&key=PeopleService
유승호,https://people.search.naver.com/search.naver?where=nexearch&sm=tab_ppn&query=%EC%9C%A0%EC%8A%B9%ED%98%B8&os=96446&ie=utf8&key=PeopleService
유아인,https://people.search.naver.com/search.naver?where=nexearch&sm=tab_ppn&query=%EC%9C%A0%EC%95%84%EC%9D%B8&os=97929&ie=utf8&key=PeopleService
유오성,https://people.search.naver.com/search.naver?where=nexearch&sm=tab_ppn&query=%EC%9C%A0%EC%98%A4%EC%84%B1&os=94700&ie=utf8&key=PeopleService
유이,https://people.search.naver.com/search.naver?where=nexearch&sm=tab_ppn&query=%EC%9C%A0%EC%9D%B4&os=165963&ie=utf8&key=PeopleService
유인영,https://people.search.naver.com/search.naver?where=nexearch&sm=tab_ppn&query=%EC%9C%A0%EC%9D%B8%EC%98%81&os=108520&ie=utf8&key=PeopleService
유준상,https://people.search.naver.com/search.naver?where=nexearch&sm=tab_ppn&query=%EC%9C%A0%EC%A4%80%EC%83%81&os=94705&ie=utf8&key=PeopleService
유지태,https://people.search.naver.com/search.naver?where=nexearch&sm=tab_ppn&query=%EC%9C%A0%EC%A7%80%ED%83%9C&os=94706&ie=utf8&key=PeopleService
유진,https://people.search.naver.com/search.naver?where=nexearch&sm=tab_ppn&query=%EC%9C%A0%EC%A7%84&os=94710&ie=utf8&key=PeopleService
육성재,https://people.search.naver.com/search.naver?where=nexearch&sm=tab_ppn&query=%EB%B9%84%ED%88%AC%EB%B9%84%EC%9C%A1%EC%84%B1%EC%9E%AC&os=314996&ie=utf8&key=PeopleService
윤계상,https://people.search.naver.com/search.naver?where=nexearch&sm=tab_ppn&query=%EC%9C%A4%EA%B3%84%EC%83%81&os=94715&ie=utf8&key=PeopleService
윤두준,https://people.search.naver.com/search.naver?where=nexearch&sm=tab_ppn&query=%EC%9C%A4%EB%91%90%EC%A4%80&os=173974&ie=utf8&key=PeopleService
윤박,https://people.search.naver.com/search.naver?where=nexearch&sm=tab_ppn&query=%EC%9C%A4%EB%B0%95&os=312202&ie=utf8&key=PeopleService
윤상현,https://people.search.naver.com/search.naver?where=nexearch&sm=tab_ppn&query=%EC%9C%A4%EC%83%81%ED%98%84&os=102926&ie=utf8&key=PeopleService
윤세아,https://people.search.naver.com/search.naver?where=nexearch&sm=tab_ppn&query=%EC%9C%A4%EC%84%B8%EC%95%84&os=108541&ie=utf8&key=PeopleService
윤소이,https://people.search.naver.com/search.naver?where=nexearch&sm=tab_ppn&query=%EC%9C%A4%EC%86%8C%EC%9D%B4&os=97662&ie=utf8&key=PeopleService
윤시윤,https://people.search.naver.com/search.naver?where=nexearch&sm=tab_ppn&query=%EC%9C%A4%EC%8B%9C%EC%9C%A4&os=172788&ie=utf8&key=PeopleService
윤아,https://people.search.naver.com/search.naver?where=nexearch&sm=tab_ppn&query=%EC%86%8C%EB%85%80%EC%8B%9C%EB%8C%80%EC%9C%A4%EC%95%84&os=120472&ie=utf8&key=PeopleService
윤예주,https://people.search.naver.com/search.naver?where=nexearch&sm=tab_ppn&query=%EC%9C%A4%EC%98%88%EC%A3%BC&os=1885028&ie=utf8&key=PeopleService
윤은혜,https://people.search.naver.com/search.naver?where=nexearch&sm=tab_ppn&query=%EC%9C%A4%EC%9D%80%ED%98%9C&os=94725&ie=utf8&key=PeopleService
윤진서,https://people.search.naver.com/search.naver?where=nexearch&sm=tab_ppn&query=%EC%9C%A4%EC%A7%84%EC%84%9C&os=97529&ie=utf8&key=PeopleService
윤진이,https://people.search.naver.com/search.naver?where=nexearch&sm=tab_ppn&query=%EC%9C%A4%EC%A7%84%EC%9D%B4&os=318473&ie=utf8&key=PeopleService
윤현민,https://people.search.naver.com/search.naver?where=nexearch&sm=tab_ppn&query=%EC%9C%A4%ED%98%84%EB%AF%BC&os=164184&ie=utf8&key=PeopleService
이기광,https://people.search.naver.com/search.naver?where=nexearch&sm=tab_ppn&query=%EC%9D%B4%EA%B8%B0%EA%B4%91&os=165354&ie=utf8&key=PeopleService
이나영,https://people.search.naver.com/search.naver?where=nexearch&sm=tab_ppn&query=%EC%9D%B4%EB%82%98%EC%98%81&os=95237&ie=utf8&key=PeopleService
이다윗,https://people.search.naver.com/search.naver?where=nexearch&sm=tab_ppn&query=%EC%9D%B4%EB%8B%A4%EC%9C%97&os=143785&ie=utf8&key=PeopleService
이다해,https://people.search.naver.com/search.naver?where=nexearch&sm=tab_ppn&query=%EC%9D%B4%EB%8B%A4%ED%95%B4&os=97808&ie=utf8&key=PeopleService
이다희,https://people.search.naver.com/search.naver?where=nexearch&sm=tab_ppn&query=%EC%9D%B4%EB%8B%A4%ED%9D%AC&os=94751&ie=utf8&key=PeopleService
이동건,https://people.search.naver.com/search.naver?where=nexearch&sm=tab_ppn&query=%EC%9D%B4%EB%8F%99%EA%B1%B4&os=94752&ie=utf8&key=PeopleService
이동욱,https://people.search.naver.com/search.naver?where=nexearch&sm=tab_ppn&query=%EC%9D%B4%EB%8F%99%EC%9A%B1&os=94756&ie=utf8&key=PeopleService
이미숙,https://people.search.naver.com/search.naver?where=nexearch&sm=tab_ppn&query=%EC%9D%B4%EB%AF%B8%EC%88%99&os=94758&ie=utf8&key=PeopleService
이미연,https://people.search.naver.com/search.naver?where=nexearch&query=%EC%9D%B4%EB%AF%B8%EC%97%B0&sm=tab_etc&ie=utf8&key=PeopleService&os=94759
이민기,https://people.search.naver.com/search.naver?where=nexearch&sm=tab_ppn&query=%EC%9D%B4%EB%AF%BC%EA%B8%B0&os=100132&ie=utf8&key=PeopleService
이민정,https://people.search.naver.com/search.naver?where=nexearch&sm=tab_ppn&query=%EC%9D%B4%EB%AF%BC%EC%A0%95&os=106935&ie=utf8&key=PeopleService
이민지,https://people.search.naver.com/search.naver?where=nexearch&sm=tab_ppn&query=%EC%9D%B4%EB%AF%BC%EC%A7%80&os=215147&ie=utf8&key=PeopleService
이민호,https://people.search.naver.com/search.naver?where=nexearch&sm=tab_ppn&query=%EC%9D%B4%EB%AF%BC%ED%98%B8&os=143015&ie=utf8&key=PeopleService
이범수,https://people.search.naver.com/search.naver?where=nexearch&sm=tab_ppn&query=%EC%9D%B4%EB%B2%94%EC%88%98&os=94764&ie=utf8&key=PeopleService
이병헌,https://people.search.naver.com/search.naver?where=nexearch&sm=tab_ppn&query=%EC%9D%B4%EB%B3%91%ED%97%8C&os=94766&ie=utf8&key=PeopleService
이보영,https://people.search.naver.com/search.naver?where=nexearch&sm=tab_ppn&query=%ED%83%A4%EB%9F%B0%ED%8A%B8%EC%9D%B4%EB%B3%B4%EC%98%81&os=97630&ie=utf8&key=PeopleService
이상엽,https://people.search.naver.com/search.naver?where=nexearch&sm=tab_ppn&query=%EC%9D%B4%EC%83%81%EC%97%BD&os=144100&ie=utf8&key=PeopleService
이상윤,https://people.search.naver.com/search.naver?where=nexearch&sm=tab_ppn&query=%EC%9D%B4%EC%83%81%EC%9C%A4&os=143376&ie=utf8&key=PeopleService
이성열,https://people.search.naver.com/search.naver?where=nexearch&sm=tab_ppn&query=%EC%9D%B8%ED%94%BC%EB%8B%88%ED%8A%B8%EC%9D%B4%EC%84%B1%EC%97%B4&os=181382&ie=utf8&key=PeopleService
이성재,https://people.search.naver.com/search.naver?where=nexearch&sm=tab_ppn&query=%EC%98%81%ED%99%94%EB%B0%B0%EC%9A%B0%EC%9D%B4%EC%84%B1%EC%9E%AC&os=93942&ie=utf8&key=PeopleService
이세영,https://people.search.naver.com/search.naver?where=nexearch&sm=tab_ppn&query=%EC%98%81%ED%99%94%EB%B0%B0%EC%9A%B0%EC%9D%B4%EC%84%B8%EC%98%81&os=97580&ie=utf8&key=PeopleService
이소연,https://people.search.naver.com/search.naver?where=nexearch&sm=tab_ppn&query=%EC%9D%B4%EC%86%8C%EC%97%B0&os=99723&ie=utf8&key=PeopleService
이수경,https://people.search.naver.com/search.naver?where=nexearch&sm=tab_ppn&query=%EC%9D%B4%EC%88%98%EA%B2%BD&os=99914&ie=utf8&key=PeopleService
이수혁,https://people.search.naver.com/search.naver?where=nexearch&sm=tab_ppn&query=%EC%9D%B4%EC%88%98%ED%98%81&os=127717&ie=utf8&key=PeopleService
이시영,https://people.search.naver.com/search.naver?where=nexearch&sm=tab_ppn&query=%EC%9D%B4%EC%8B%9C%EC%98%81&os=160243&ie=utf8&key=PeopleService
이신영,https://people.search.naver.com/search.naver?where=nexearch&sm=tab_ppn&query=%EC%9D%B4%EC%8B%A0%EC%98%81&os=10178199&ie=utf8&key=PeopleService
이엘,https://people.search.naver.com/search.naver?where=nexearch&sm=tab_ppn&query=%EC%9D%B4%EC%97%98&os=169687&ie=utf8&key=PeopleService
이영아,https://people.search.naver.com/search.naver?where=nexearch&sm=tab_ppn&query=%EC%9D%B4%EC%98%81%EC%95%84&os=100622&ie=utf8&key=PeopleService
이예현,https://people.search.naver.com/search.naver?where=nexearch&sm=tab_ppn&query=%EC%9D%B4%EC%98%88%ED%98%84&os=5322264&ie=utf8&key=PeopleService
이완,https://people.search.naver.com/search.naver?where=nexearch&sm=tab_ppn&query=%EC%9D%B4%EC%99%84&os=97549&ie=utf8&key=PeopleService
이요원,https://people.search.naver.com/search.naver?where=nexearch&sm=tab_ppn&query=%EC%9D%B4%EC%9A%94%EC%9B%90&os=94806&ie=utf8&key=PeopleService
이원근,https://people.search.naver.com/search.naver?where=nexearch&sm=tab_ppn&query=%EC%9D%B4%EC%9B%90%EA%B7%BC&os=309148&ie=utf8&key=PeopleService
이유영,https://people.search.naver.com/search.naver?where=nexearch&sm=tab_ppn&query=%EC%9D%B4%EC%9C%A0%EC%98%81&os=1929315&ie=utf8&key=PeopleService
이은성,https://people.search.naver.com/search.naver?where=nexearch&sm=tab_ppn&query=%ED%83%A4%EB%9F%B0%ED%8A%B8%EC%9D%B4%EC%9D%80%EC%84%B1&os=97988&ie=utf8&key=PeopleService
이장우,https://people.search.naver.com/search.naver?where=nexearch&sm=tab_ppn&query=%EC%9D%B4%EC%9E%A5%EC%9A%B0&os=153309&ie=utf8&key=PeopleService
이정진,https://people.search.naver.com/search.naver?where=nexearch&sm=tab_ppn&query=%EC%9D%B4%EC%A0%95%EC%A7%84&os=94843&ie=utf8&key=PeopleService
이종석,https://people.search.naver.com/search.naver?where=nexearch&sm=tab_ppn&query=%EC%9D%B4%EC%A2%85%EC%84%9D&os=154644&ie=utf8&key=PeopleService
이종혁,https://people.search.naver.com/search.naver?where=nexearch&sm=tab_ppn&query=%EC%9D%B4%EC%A2%85%ED%98%81&os=97801&ie=utf8&key=PeopleService
이종현,https://people.search.naver.com/search.naver?where=nexearch&sm=tab_ppn&query=%EC%9D%B4%EC%A2%85%ED%98%84&os=177634&ie=utf8&key=PeopleService
이주영,https://people.search.naver.com/search.naver?where=nexearch&sm=tab_ppn&query=%EC%9D%B4%EC%A3%BC%EC%98%81&os=5301734&ie=utf8&key=PeopleService
이준기,https://people.search.naver.com/search.naver?where=nexearch&sm=tab_ppn&query=%EC%9D%B4%EC%A4%80%EA%B8%B0&os=97796&ie=utf8&key=PeopleService
이준혁,https://people.search.naver.com/search.naver?where=nexearch&sm=tab_ppn&query=%ED%83%A4%EB%9F%B0%ED%8A%B8%EC%9D%B4%EC%A4%80%ED%98%81&os=150179&ie=utf8&key=PeopleService
이지아,https://people.search.naver.com/search.naver?where=nexearch&sm=tab_ppn&query=%EC%9D%B4%EC%A7%80%EC%95%84&os=143745&ie=utf8&key=PeopleService
이지훈,https://people.search.naver.com/search.naver?where=nexearch&sm=tab_ppn&query=%EC%9D%B4%EC%A7%80%ED%9B%88&os=548929&ie=utf8&key=PeopleService
이진욱,https://people.search.naver.com/search.naver?where=nexearch&sm=tab_ppn&query=%EC%9D%B4%EC%A7%84%EC%9A%B1&os=102985&ie=utf8&key=PeopleService
이창엽,https://people.search.naver.com/search.naver?where=nexearch&sm=tab_ppn&query=%EB%B0%B0%EC%9A%B0%EC%B0%A8%EC%84%9C%EC%9B%90&os=2409849&ie=utf8&key=PeopleService
이천희,https://people.search.naver.com/search.naver?where=nexearch&sm=tab_ppn&query=%EC%9D%B4%EC%B2%9C%ED%9D%AC&os=100439&ie=utf8&key=PeopleService
이청아,https://people.search.naver.com/search.naver?where=nexearch&sm=tab_ppn&query=%EC%9D%B4%EC%B2%AD%EC%95%84&os=97643&ie=utf8&key=PeopleService
이필립,https://people.search.naver.com/search.naver?where=nexearch&sm=tab_ppn&query=%EC%9D%B4%ED%95%84%EB%A6%BD&os=144035&ie=utf8&key=PeopleService
이필모,https://people.search.naver.com/search.naver?where=nexearch&sm=tab_ppn&query=%EC%9D%B4%ED%95%84%EB%AA%A8&os=119578&ie=utf8&key=PeopleService
이하나,https://people.search.naver.com/search.naver?where=nexearch&sm=tab_ppn&query=%EC%9D%B4%ED%95%98%EB%82%98&os=121187&ie=utf8&key=PeopleService
이하늬,https://people.search.naver.com/search.naver?where=nexearch&sm=tab_ppn&query=%EC%9D%B4%ED%95%98%EB%8A%AC&os=128232&ie=utf8&key=PeopleService
이현우1,https://people.search.naver.com/search.naver?where=nexearch&sm=tab_ppn&query=%EC%9D%B4%ED%98%84%EC%9A%B0&os=124513&ie=utf8&key=PeopleService
이현우2,https://people.search.naver.com/search.naver?where=nexearch&sm=tab_ppn&query=%EC%9D%B4%ED%98%84%EC%9A%B0&os=94872&ie=utf8&key=PeopleService
이혜영,https://people.search.naver.com/search.naver?where=nexearch&query=%EC%9D%B4%ED%98%9C%EC%98%81&sm=tab_etc&ie=utf8&key=PeopleService&os=95245
이홍빈,https://people.search.naver.com/search.naver?where=nexearch&sm=tab_ppn&query=%ED%99%8D%EB%B9%88&os=318954&ie=utf8&key=PeopleService
이희준,https://people.search.naver.com/search.naver?where=nexearch&sm=tab_ppn&query=%EC%9D%B4%ED%9D%AC%EC%A4%80&os=164681&ie=utf8&key=PeopleService
임수향,https://people.search.naver.com/search.naver?where=nexearch&sm=tab_ppn&query=%EC%9E%84%EC%88%98%ED%96%A5&os=176421&ie=utf8&key=PeopleService
임슬옹,https://people.search.naver.com/search.naver?where=nexearch&sm=tab_ppn&query=%EC%9E%84%EC%8A%AC%EC%98%B9&os=156136&ie=utf8&key=PeopleService
임정은,https://people.search.naver.com/search.naver?where=nexearch&sm=tab_ppn&query=%EC%9E%84%EC%A0%95%EC%9D%80&os=95970&ie=utf8&key=PeopleService
임주은,https://people.search.naver.com/search.naver?where=nexearch&sm=tab_ppn&query=%EC%9E%84%EC%A3%BC%EC%9D%80&os=104701&ie=utf8&key=PeopleService
임주환,https://people.search.naver.com/search.naver?where=nexearch&sm=tab_ppn&query=%EC%98%81%ED%99%94%EB%B0%B0%EC%9A%B0%EC%9E%84%EC%A3%BC%ED%99%98&os=102777&ie=utf8&key=PeopleService
장근석,https://people.search.naver.com/search.naver?where=nexearch&sm=tab_ppn&query=%EC%9E%A5%EA%B7%BC%EC%84%9D&os=95989&ie=utf8&key=PeopleService
장기용,https://people.search.naver.com/search.naver?where=nexearch&sm=tab_ppn&query=%EC%9E%A5%EA%B8%B0%EC%9A%A9&os=480713&ie=utf8&key=PeopleService
장나라,https://people.search.naver.com/search.naver?where=nexearch&sm=tab_ppn&query=%EC%9E%A5%EB%82%98%EB%9D%BC&os=94914&ie=utf8&key=PeopleService
장동건,https://people.search.naver.com/search.naver?where=nexearch&sm=tab_ppn&query=%EC%9E%A5%EB%8F%99%EA%B1%B4&os=94916&ie=utf8&key=PeopleService
장동윤,https://people.search.naver.com/search.naver?where=nexearch&sm=tab_ppn&query=%EC%9E%A5%EB%8F%99%EC%9C%A4&os=3887768&ie=utf8&key=PeopleService
장미희,https://people.search.naver.com/search.naver?where=nexearch&sm=tab_ppn&query=%EC%9E%A5%EB%AF%B8%ED%9D%AC&os=96022&ie=utf8&key=PeopleService
장우영,https://people.search.naver.com/search.naver?where=nexearch&sm=tab_ppn&query=2pm%EC%9A%B0%EC%98%81&os=158421&ie=utf8&key=PeopleService
장혁,https://people.search.naver.com/search.naver?where=nexearch&sm=tab_ppn&query=%EC%9E%A5%ED%98%81&os=94933&ie=utf8&key=PeopleService
장현성,https://people.search.naver.com/search.naver?where=nexearch&sm=tab_ppn&query=%EC%9E%A5%ED%98%84%EC%84%B1&os=97571&ie=utf8&key=PeopleService
장희진,https://people.search.naver.com/search.naver?where=nexearch&sm=tab_ppn&query=%EC%9E%A5%ED%9D%AC%EC%A7%84&os=102293&ie=utf8&key=PeopleService
재희,https://people.search.naver.com/search.naver?where=nexearch&sm=tab_ppn&query=%EC%9E%AC%ED%9D%AC&os=94870&ie=utf8&key=PeopleService
전광렬,https://people.search.naver.com/search.naver?where=nexearch&sm=tab_ppn&query=%EC%A0%84%EA%B4%91%EB%A0%AC&os=96286&ie=utf8&key=PeopleService
전노민,https://people.search.naver.com/search.naver?where=nexearch&sm=tab_ppn&query=%EC%A0%84%EB%85%B8%EB%AF%BC&os=97633&ie=utf8&key=PeopleService
전미선,https://people.search.naver.com/search.naver?where=nexearch&sm=tab_ppn&query=%EC%A0%84%EB%AF%B8%EC%84%A0&os=94936&ie=utf8&key=PeopleService
전혜빈,https://people.search.naver.com/search.naver?where=nexearch&sm=tab_ppn&query=%EC%A0%84%ED%98%9C%EB%B9%88&os=94440&ie=utf8&key=PeopleService
정겨운,https://people.search.naver.com/search.naver?where=nexearch&sm=tab_ppn&query=%EC%A0%95%EA%B2%A8%EC%9A%B4&os=102843&ie=utf8&key=PeopleService
정려원,https://people.search.naver.com/search.naver?where=nexearch&sm=tab_ppn&query=%EC%A0%95%EB%A0%A4%EC%9B%90&os=94260&ie=utf8&key=PeopleService
정보석,https://people.search.naver.com/search.naver?where=nexearch&sm=tab_ppn&query=%EC%A0%95%EB%B3%B4%EC%84%9D&os=96098&ie=utf8&key=PeopleService
정석원,https://people.search.naver.com/search.naver?where=nexearch&sm=tab_ppn&query=%ED%83%A4%EB%9F%B0%ED%8A%B8%EC%A0%95%EC%84%9D%EC%9B%90&os=159178&ie=utf8&key=PeopleService
정소민,https://people.search.naver.com/search.naver?where=nexearch&sm=tab_ppn&query=%EC%A0%95%EC%86%8C%EB%AF%BC&os=180567&ie=utf8&key=PeopleService
정연주,https://people.search.naver.com/search.naver?where=nexearch&sm=tab_ppn&query=%EC%A0%95%EC%97%B0%EC%A3%BC&os=264264&ie=utf8&key=PeopleService
정용화,https://people.search.naver.com/search.naver?where=nexearch&sm=tab_ppn&query=cnblue%EC%A0%95%EC%9A%A9%ED%99%94&os=173723&ie=utf8&key=PeopleService
정웅인,https://people.search.naver.com/search.naver?where=nexearch&sm=tab_ppn&query=%EC%A0%95%EC%9B%85%EC%9D%B8&os=96006&ie=utf8&key=PeopleService
정유미,https://people.search.naver.com/search.naver?where=nexearch&sm=tab_ppn&query=%EC%98%81%ED%99%94%EB%B0%B0%EC%9A%B0%EC%A0%95%EC%9C%A0%EB%AF%B8&os=118256&ie=utf8&key=PeopleService
정유진,https://people.search.naver.com/search.naver?where=nexearch&sm=tab_ppn&query=%EC%A0%95%EC%9C%A0%EC%A7%84&os=243613&ie=utf8&key=PeopleService
정은지,https://people.search.naver.com/search.naver?where=nexearch&sm=tab_ppn&query=%EC%97%90%EC%9D%B4%ED%95%91%ED%81%AC%EC%A0%95%EC%9D%80%EC%A7%80&os=215030&ie=utf8&key=PeopleService
정일우,https://people.search.naver.com/search.naver?where=nexearch&sm=tab_ppn&query=%EC%A0%95%EC%9D%BC%EC%9A%B0&os=135218&ie=utf8&key=PeopleService
정재순,https://people.search.naver.com/search.naver?where=nexearch&query=%EC%A0%95%EC%9E%AC%EC%88%9C&sm=tab_etc&ie=utf8&key=PeopleService&os=106357
정재영,https://people.search.naver.com/search.naver?where=nexearch&sm=tab_ppn&query=%EC%A0%95%EC%9E%AC%EC%98%81&os=94961&ie=utf8&key=PeopleService
정준호,https://people.search.naver.com/search.naver?where=nexearch&sm=tab_ppn&query=%EC%A0%95%EC%A4%80%ED%98%B8&os=94965&ie=utf8&key=PeopleService
정지훈,https://people.search.naver.com/search.naver?where=nexearch&sm=tab_ppn&query=%EA%B0%80%EC%88%98%EB%B9%84&os=94428&ie=utf8&key=PeopleService
정진영,https://people.search.naver.com/search.naver?where=nexearch&sm=tab_ppn&query=%EC%A0%95%EC%A7%84%EC%98%81&os=96203&ie=utf8&key=PeopleService
정진운,https://people.search.naver.com/search.naver?where=nexearch&sm=tab_ppn&query=%EC%A0%95%EC%A7%84%EC%9A%B4&os=156369&ie=utf8&key=PeopleService
정혜성,https://people.search.naver.com/search.naver?where=nexearch&sm=tab_ppn&query=%EC%A0%95%ED%98%9C%EC%84%B1&os=312270&ie=utf8&key=PeopleService
조동혁,https://people.search.naver.com/search.naver?where=nexearch&sm=tab_ppn&query=%EC%A1%B0%EB%8F%99%ED%98%81&os=96512&ie=utf8&key=PeopleService
조보아,https://people.search.naver.com/search.naver?where=nexearch&sm=tab_ppn&query=%EC%A1%B0%EB%B3%B4%EC%95%84&os=309713&ie=utf8&key=PeopleService
조여정,https://people.search.naver.com/search.naver?where=nexearch&sm=tab_ppn&query=%EC%A1%B0%EC%97%AC%EC%A0%95&os=95001&ie=utf8&key=PeopleService
조연우,https://people.search.naver.com/search.naver?where=nexearch&sm=tab_ppn&query=%ED%83%A4%EB%9F%B0%ED%8A%B8%EC%A1%B0%EC%97%B0%EC%9A%B0&os=106245&ie=utf8&key=PeopleService
조우리,https://people.search.naver.com/search.naver?where=nexearch&sm=tab_ppn&query=%EC%A1%B0%EC%9A%B0%EB%A6%AC&os=209344&ie=utf8&key=PeopleService
조윤희,https://people.search.naver.com/search.naver?where=nexearch&sm=tab_ppn&query=%EC%A1%B0%EC%9C%A4%ED%9D%AC&os=95410&ie=utf8&key=PeopleService
조재윤,https://people.search.naver.com/search.naver?where=nexearch&sm=tab_ppn&query=%EC%A1%B0%EC%9E%AC%EC%9C%A4&os=160203&ie=utf8&key=PeopleService
조진웅,https://people.search.naver.com/search.naver?where=nexearch&sm=tab_ppn&query=%EC%A1%B0%EC%A7%84%EC%9B%85&os=126691&ie=utf8&key=PeopleService
조현재,https://people.search.naver.com/search.naver?where=nexearch&sm=tab_ppn&query=%EC%A1%B0%ED%98%84%EC%9E%AC&os=95015&ie=utf8&key=PeopleService
조형기,https://people.search.naver.com/search.naver?where=nexearch&sm=tab_ppn&query=%EC%A1%B0%ED%98%95%EA%B8%B0&os=97567&ie=utf8&key=PeopleService
주상욱,https://people.search.naver.com/search.naver?where=nexearch&sm=tab_ppn&query=%EC%A3%BC%EC%83%81%EC%9A%B1&os=143698&ie=utf8&key=PeopleService
주원,https://people.search.naver.com/search.naver?where=nexearch&sm=tab_ppn&query=%EC%A3%BC%EC%9B%90&os=138915&ie=utf8&key=PeopleService
주지훈,https://people.search.naver.com/search.naver?where=nexearch&sm=tab_ppn&query=%EC%A3%BC%EC%A7%80%ED%9B%88&os=102776&ie=utf8&key=PeopleService
준호,https://people.search.naver.com/search.naver?where=nexearch&sm=tab_ppn&query=2pm%EC%A4%80%ED%98%B8&os=124997&ie=utf8&key=PeopleService
지성,https://people.search.naver.com/search.naver?where=nexearch&sm=tab_ppn&query=%EC%A7%80%EC%84%B1&os=95036&ie=utf8&key=PeopleService
지이수,https://people.search.naver.com/search.naver?where=nexearch&sm=tab_ppn&query=%EC%A7%80%EC%9D%B4%EC%88%98&os=2067564&ie=utf8&key=PeopleService
지진희,https://people.search.naver.com/search.naver?where=nexearch&sm=tab_ppn&query=%EC%A7%80%EC%A7%84%ED%9D%AC&os=95039&ie=utf8&key=PeopleService
지창욱,https://people.search.naver.com/search.naver?where=nexearch&sm=tab_ppn&query=%EC%A7%80%EC%B0%BD%EC%9A%B1&os=160085&ie=utf8&key=PeopleService
지현우,https://people.search.naver.com/search.naver?where=nexearch&sm=tab_ppn&query=%EB%B0%B0%EC%9A%B0%EC%A7%80%ED%98%84%EC%9A%B0&os=100149&ie=utf8&key=PeopleService
진구,https://people.search.naver.com/search.naver?where=nexearch&sm=tab_ppn&query=%EC%A7%84%EA%B5%AC&os=95040&ie=utf8&key=PeopleService
진세연,https://people.search.naver.com/search.naver?where=nexearch&sm=tab_ppn&query=%EC%A7%84%EC%84%B8%EC%97%B0&os=171559&ie=utf8&key=PeopleService
진영,https://people.search.naver.com/search.naver?where=nexearch&sm=tab_ppn&query=%EC%A7%84%EC%98%81&os=218661&ie=utf8&key=PeopleService
진희경,https://people.search.naver.com/search.naver?where=nexearch&sm=tab_ppn&query=%EC%A7%84%ED%9D%AC%EA%B2%BD&os=95048&ie=utf8&key=PeopleService
차예련,https://people.search.naver.com/search.naver?where=nexearch&sm=tab_ppn&query=%EC%B0%A8%EC%98%88%EB%A0%A8&os=100265&ie=utf8&key=PeopleService
차태현,https://people.search.naver.com/search.naver?where=nexearch&sm=tab_ppn&query=%EC%B0%A8%ED%83%9C%ED%98%84&os=95054&ie=utf8&key=PeopleService
차학연,https://people.search.naver.com/search.naver?where=nexearch&sm=tab_ppn&query=%EB%B9%85%EC%8A%A4%EC%97%94&os=318955&ie=utf8&key=PeopleService
차화연,https://people.search.naver.com/search.naver?where=nexearch&sm=tab_ppn&query=%EC%B0%A8%ED%99%94%EC%97%B0&os=102448&ie=utf8&key=PeopleService
채림,https://people.search.naver.com/search.naver?where=nexearch&sm=tab_ppn&query=%EC%B1%84%EB%A6%BC&os=95056&ie=utf8&key=PeopleService
채서진,https://people.search.naver.com/search.naver?where=nexearch&sm=tab_ppn&query=%EC%B1%84%EC%84%9C%EC%A7%84&os=126224&ie=utf8&key=PeopleService
채수빈,https://people.search.naver.com/search.naver?where=nexearch&sm=tab_ppn&query=%EC%B1%84%EC%88%98%EB%B9%88&os=2017879&ie=utf8&key=PeopleService
채시라,https://people.search.naver.com/search.naver?where=nexearch&sm=tab_ppn&query=%EC%B1%84%EC%8B%9C%EB%9D%BC&os=95057&ie=utf8&key=PeopleService
채정안,https://people.search.naver.com/search.naver?where=nexearch&sm=tab_ppn&query=%EC%B1%84%EC%A0%95%EC%95%88&os=95059&ie=utf8&key=PeopleService
천정명,https://people.search.naver.com/search.naver?where=nexearch&sm=tab_ppn&query=%EC%B2%9C%EC%A0%95%EB%AA%85&os=95986&ie=utf8&key=PeopleService
최강희,https://people.search.naver.com/search.naver?where=nexearch&sm=tab_ppn&query=%EC%B5%9C%EA%B0%95%ED%9D%AC&os=95060&ie=utf8&key=PeopleService
최다니엘,https://people.search.naver.com/search.naver?where=nexearch&sm=tab_ppn&query=%EC%B5%9C%EB%8B%A4%EB%8B%88%EC%97%98&os=146943&ie=utf8&key=PeopleService
최명길,https://people.search.naver.com/search.naver?where=nexearch&sm=tab_ppn&query=%EC%B5%9C%EB%AA%85%EA%B8%B8&os=95065&ie=utf8&key=PeopleService
최민수,https://people.search.naver.com/search.naver?where=nexearch&sm=tab_ppn&query=%EC%B5%9C%EB%AF%BC%EC%88%98&os=95066&ie=utf8&key=PeopleService
최수린,https://people.search.naver.com/search.naver?where=nexearch&sm=tab_ppn&query=%EC%B5%9C%EC%88%98%EB%A6%B0&os=106161&ie=utf8&key=PeopleService
최수종,https://people.search.naver.com/search.naver?where=nexearch&sm=tab_ppn&query=%EC%B5%9C%EC%88%98%EC%A2%85&os=95074&ie=utf8&key=PeopleService
최승경,https://people.search.naver.com/search.naver?where=nexearch&sm=tab_ppn&query=%EC%B5%9C%EC%8A%B9%EA%B2%BD&os=120399&ie=utf8&key=PeopleService
최시원,https://people.search.naver.com/search.naver?where=nexearch&sm=tab_ppn&query=%EC%8A%88%ED%8D%BC%EC%A3%BC%EB%8B%88%EC%96%B4%EC%8B%9C%EC%9B%90&os=107756&ie=utf8&key=PeopleService
최여진,https://people.search.naver.com/search.naver?where=nexearch&sm=tab_ppn&query=%EC%B5%9C%EC%97%AC%EC%A7%84&os=102411&ie=utf8&key=PeopleService
최원영,https://people.search.naver.com/search.naver?where=nexearch&sm=tab_ppn&query=%EC%B5%9C%EC%9B%90%EC%98%81&os=119836&ie=utf8&key=PeopleService
최정원,https://people.search.naver.com/search.naver?where=nexearch&sm=tab_ppn&query=%EC%B5%9C%EC%A0%95%EC%9B%90&os=95242&ie=utf8&key=PeopleService
최진혁,https://people.search.naver.com/search.naver?where=nexearch&sm=tab_ppn&query=%EC%B5%9C%EC%A7%84%ED%98%81&os=98758&ie=utf8&key=PeopleService
최철호,https://people.search.naver.com/search.naver?where=nexearch&sm=tab_ppn&query=%EC%B5%9C%EC%B2%A0%ED%98%B8&os=95094&ie=utf8&key=PeopleService
카이,https://people.search.naver.com/search.naver?where=nexearch&sm=tab_ppn&query=exo%EC%B9%B4%EC%9D%B4&os=301571&ie=utf8&key=PeopleService
태인호,https://people.search.naver.com/search.naver?where=nexearch&sm=tab_ppn&query=%ED%83%9C%EC%9D%B8%ED%98%B8&os=176317&ie=utf8&key=PeopleService
하석진,https://people.search.naver.com/search.naver?where=nexearch&sm=tab_ppn&query=%ED%95%98%EC%84%9D%EC%A7%84&os=102849&ie=utf8&key=PeopleService
하재숙,https://people.search.naver.com/search.naver?where=nexearch&sm=tab_ppn&query=%ED%95%98%EC%9E%AC%EC%88%99&os=145382&ie=utf8&key=PeopleService
하지원,https://people.search.naver.com/search.naver?where=nexearch&sm=tab_ppn&query=%ED%95%98%EC%A7%80%EC%9B%90&os=95170&ie=utf8&key=PeopleService
하희라,https://people.search.naver.com/search.naver?where=nexearch&sm=tab_ppn&query=%ED%95%98%ED%9D%AC%EB%9D%BC&os=96277&ie=utf8&key=PeopleService
한고은,https://people.search.naver.com/search.naver?where=nexearch&sm=tab_ppn&query=%ED%95%9C%EA%B3%A0%EC%9D%80&os=95175&ie=utf8&key=PeopleService
한보름,https://people.search.naver.com/search.naver?where=nexearch&sm=tab_ppn&query=%ED%95%9C%EB%B3%B4%EB%A6%84&os=209413&ie=utf8&key=PeopleService
한선화,https://people.search.naver.com/search.naver?where=nexearch&sm=tab_ppn&query=%ED%95%9C%EC%84%A0%ED%99%94&os=166163&ie=utf8&key=PeopleService
한예슬,https://people.search.naver.com/search.naver?where=nexearch&sm=tab_ppn&query=%ED%95%9C%EC%98%88%EC%8A%AC&os=95998&ie=utf8&key=PeopleService
한은정,https://people.search.naver.com/search.naver?where=nexearch&sm=tab_ppn&query=%ED%95%9C%EB%8B%A4%EA%B0%90&os=95180&ie=utf8&key=PeopleService
한재석,https://people.search.naver.com/search.naver?where=nexearch&sm=tab_ppn&query=%ED%95%9C%EC%9E%AC%EC%84%9D&os=95181&ie=utf8&key=PeopleService
한주완,https://people.search.naver.com/search.naver?where=nexearch&sm=tab_ppn&query=%ED%95%9C%EC%A3%BC%EC%99%84&os=532710&ie=utf8&key=PeopleService
한준우,https://people.search.naver.com/search.naver?where=nexearch&sm=tab_ppn&query=%ED%95%9C%EC%A4%80%EC%9A%B0&os=9973541&ie=utf8&key=PeopleService
한지민,https://people.search.naver.com/search.naver?where=nexearch&sm=tab_ppn&query=%ED%95%9C%EC%A7%80%EB%AF%BC&os=95183&ie=utf8&key=PeopleService
한지혜,https://people.search.naver.com/search.naver?where=nexearch&sm=tab_ppn&query=%ED%95%9C%EC%A7%80%ED%98%9C&os=95184&ie=utf8&key=PeopleService
한채아,https://people.search.naver.com/search.naver?where=nexearch&sm=tab_ppn&query=%ED%95%9C%EC%B1%84%EC%95%84&os=136711&ie=utf8&key=PeopleService
한채영,https://people.search.naver.com/search.naver?where=nexearch&sm=tab_ppn&query=%EC%98%81%ED%99%94%EB%B0%B0%EC%9A%B0%ED%95%9C%EC%B1%84%EC%98%81&os=95185&ie=utf8&key=PeopleService
한혜진,https://people.search.naver.com/search.naver?where=nexearch&sm=tab_ppn&query=%ED%95%9C%ED%98%9C%EC%A7%84&os=95187&ie=utf8&key=PeopleService
한효주,https://people.search.naver.com/search.naver?where=nexearch&sm=tab_ppn&query=%ED%95%9C%ED%9A%A8%EC%A3%BC&os=100835&ie=utf8&key=PeopleService
함은정,https://people.search.naver.com/search.naver?where=nexearch&sm=tab_ppn&query=%ED%95%A8%EC%9D%80%EC%A0%95&os=123700&ie=utf8&key=PeopleService
허이재,https://people.search.naver.com/search.naver?where=nexearch&sm=tab_ppn&query=%ED%97%88%EC%9D%B4%EC%9E%AC&os=102945&ie=utf8&key=PeopleService
허정민,https://people.search.naver.com/search.naver?where=nexearch&sm=tab_ppn&query=%ED%97%88%EC%A0%95%EB%AF%BC&os=95197&ie=utf8&key=PeopleService
허정은,https://people.search.naver.com/search.naver?where=nexearch&sm=tab_ppn&query=%ED%97%88%EC%A0%95%EC%9D%80&os=563275&ie=utf8&key=PeopleService
현빈,https://people.search.naver.com/search.naver?where=nexearch&sm=tab_ppn&query=%ED%98%84%EB%B9%88&os=95928&ie=utf8&key=PeopleService
호란,https://people.search.naver.com/search.naver?where=nexearch&sm=tab_ppn&query=%ED%81%B4%EB%9E%98%EC%A7%80%EC%BD%B0%EC%9D%B4%ED%98%B8%EB%9E%80&os=111688&ie=utf8&key=PeopleService
홍수현,https://people.search.naver.com/search.naver?where=nexearch&sm=tab_ppn&query=%ED%99%8D%EC%88%98%ED%98%84&os=95212&ie=utf8&key=PeopleService
황정민,https://people.search.naver.com/search.naver?where=nexearch&sm=tab_ppn&query=%ED%99%A9%EC%A0%95%EB%AF%BC&os=95222&ie=utf8&key=PeopleService
황정음,https://people.search.naver.com/search.naver?where=nexearch&sm=tab_ppn&query=%ED%99%A9%EC%A0%95%EC%9D%8C&os=95224&ie=utf8&key=PeopleService
