JB,드림하이 2,kbs2,2012-01-30,10.5,주연,남자가 사랑할 때,mbc,2013-04-03,12.1,조연
Joseph Lee,우리가 만난 기적,kbs2,2018-04-02,13.1,주연,,,,,
T.O.P,,,,,,,,,,
강민경,,,,,,,,,,
강성연,,,,,,,,,,
강소라,,,,,,,,,,
강신일,,,,,,,,,,
강지환,,,,,,,,,,
강태오,,,,,,,,,,
강하늘,,,,,,,,,,
강혜정,,,,,,,,,,
강훈,,,,,,,,,,
고경표,,,,,,,,,,
고두심,,,,,,,,,,
고성희,,,,,,,,,,
고소영,,,,,,,,,,
고아라,,,,,,,,,,
고아성,,,,,,,,,,
고원희,,,,,,,,,,
고창석,,,,,,,,,,
고현정,,,,,,,,,,
공명,,,,,,,,,,
공승연,,,,,,,,,,
공유,,,,,,,,,,
공형진,,,,,,,,,,
공효진,,,,,,,,,,
곽동연,,,,,,,,,,
구혜선,,,,,,,,,,
권나라,,,,,,,,,,
권상우,,,,,,,,,,
길은혜,,,,,,,,,,
김갑수,,,,,,,,,,
김강우,,,,,,,,,,
김규리,,,,,,,,,,
김남길,,,,,,,,,,
김다솜,,,,,,,,,,
김래원,,,,,,,,,,
김명민,,,,,,,,,,
김명수,,,,,,,,,,
김민서,,,,,,,,,,
김민재,,,,,,,,,,
김민정,,,,,,,,,,
김민준,,,,,,,,,,
김민희,,,,,,,,,,
김범,,,,,,,,,,
김병철,,,,,,,,,,
김보미,,,,,,,,,,
김상경,,,,,,,,,,
김새론,,,,,,,,,,
김선아,,,,,,,,,,
김선호,,,,,,,,,,
김성령,,,,,,,,,,
김성수,,,,,,,,,,
김세정,,,,,,,,,,
김소은,,,,,,,,,,
김소현,,,,,,,,,,
김소혜,,,,,,,,,,
김수로,,,,,,,,,,
김수현,,,,,,,,,,
김승우,,,,,,,,,,
김시후,,,,,,,,,,
김아중,,,,,,,,,,
김여진,,,,,,,,,,
김영광,,,,,,,,,,
김영애,,,,,,,,,,
김영철,,,,,,,,,,
김옥빈,,,,,,,,,,
김우빈,,,,,,,,,,
김유리,,,,,,,,,,
김유빈,,,,,,,,,,
김유정,,,,,,,,,,
김재욱,,,,,,,,,,
김재원,,,,,,,,,,
김재중,,,,,,,,,,
김정은,,,,,,,,,,
김정현,,,,,,,,,,
김준,,,,,,,,,,
김지석,,,,,,,,,,
김지원,,,,,,,,,,
김지훈,,,,,,,,,,
김진경,,,,,,,,,,
김태희,,,,,,,,,,
김하늘,,,,,,,,,,
김현숙,,,,,,,,,,
김현주,,,,,,,,,,
김현중,,,,,,,,,,
김혜수,,,,,,,,,,
김혜자,,,,,,,,,,
김효진,,,,,,,,,,
나나,,,,,,,,,,
나해령,,,,,,,,,,
남궁민,,,,,,,,,,
남규리,,,,,,,,,,
남상미,,,,,,,,,,
남우현,,,,,,,,,,
남주혁,,,,,,,,,,
노광식,,,,,,,,,,
다니엘 헤니,,,,,,,,,,
도지원,,,,,,,,,,
라미란,,,,,,,,,,
류수영,,,,,,,,,,
류승수,,,,,,,,,,
류진,,,,,,,,,,
류현경,,,,,,,,,,
류화영,,,,,,,,,,
류효영,,,,,,,,,,
문근영,,,,,,,,,,
문정혁,,,,,,,,,,
문채원,,,,,,,,,,
민효린,,,,,,,,,,
바로,,,,,,,,,,
박기웅,,,,,,,,,,
박민영,,,,,,,,,,
박병은,,,,,,,,,,
박보검,,,,,,,,,,
박서준,,,,,,,,,,
박선영,,,,,,,,,,
박성웅,,,,,,,,,,
박성훈,,,,,,,,,,
박세영,,,,,,,,,,
박세완,,,,,,,,,,
박소담,,,,,,,,,,
박솔미,,,,,,,,,,
박시연,,,,,,,,,,
박시후,,,,,,,,,,
박신양,,,,,,,,,,
박영규,,,,,,,,,,
박예진,,,,,,,,,,
박용하,,,,,,,,,,
박유천,,,,,,,,,,
박은빈,,,,,,,,,,
박지연,,,,,,,,,,
박지영,,,,,,,,,,
박진희,,,,,,,,,,
박하선,,,,,,,,,,
박해진,,,,,,,,,,
박형식,,,,,,,,,,
박환희,,,,,,,,,,
배두나,,,,,,,,,,
배수빈,,,,,,,,,,
배수지,,,,,,,,,,
배종옥,,,,,,,,,,
백진희,,,,,,,,,,
백철민,,,,,,,,,,
보나,,,,,,,,,,
서강준,,,,,,,,,,
서도영,,,,,,,,,,
서신애,,,,,,,,,,
서영주,,,,,,,,,,
서예지,,,,,,,,,,
서우,,,,,,,,,,
서인국,,,,,,,,,,
서지혜,,,,,,,,,,
서지훈,,,,,,,,,,
서효림,,,,,,,,,,
선우선,,,,,,,,,,
설현,,,,,,,,,,
성유리,,,,,,,,,,
성준,,,,,,,,,,
소지섭,,,,,,,,,,
손석구,,,,,,,,,,
손예진,,,,,,,,,,
손태영,,,,,,,,,,
손현주,,,,,,,,,,
손호준,,,,,,,,,,
송윤아,,,,,,,,,,
송일국,,,,,,,,,,
송재림,,,,,,,,,,
송종호,,,,,,,,,,
송중기,,,,,,,,,,
송지효,,,,,,,,,,
송하윤,,,,,,,,,,
송혜교,,,,,,,,,,
수애,,,,,,,,,,
수지,,,,,,,,,,
신민아,,,,,,,,,,
신성록,,,,,,,,,,
신세경,,,,,,,,,,
신승호,,,,,,,,,,
신예은,,,,,,,,,,
신하균,,,,,,,,,,
신현빈,,,,,,,,,,
신현준,,,,,,,,,,
신혜선,,,,,,,,,,
심은경,,,,,,,,,,
아이유,,,,,,,,,,
안도규,,,,,,,,,,
안재욱,,,,,,,,,,
안재현,,,,,,,,,,
안재홍,,,,,,,,,,
양동근,,,,,,,,,,
양정아,,,,,,,,,,
엄기준,,,,,,,,,,
엄정화,,,,,,,,,,
엄태웅,,,,,,,,,,
에릭,,,,,,,,,,
여진구,,,,,,,,,,
여회현,,,,,,,,,,
연우진,,,,,,,,,,
예지원,,,,,,,,,,
오나라,,,,,,,,,,
오만석,,,,,,,,,,
오연수,,,,,,,,,,
오윤아,,,,,,,,,,
오정세,,,,,,,,,,
오지호,,,,,,,,,,
오희준,,,,,,,,,,
옥택연,,,,,,,,,,
온주완,,,,,,,,,,
왕빛나,,,,,,,,,,
우도환,,,,,,,,,,
유건,,,,,,,,,,
유다인,,,,,,,,,,
유라,,,,,,,,,,
유승호,,,,,,,,,,
유아인,,,,,,,,,,
유오성,,,,,,,,,,
유이,,,,,,,,,,
유인영,,,,,,,,,,
유준상,,,,,,,,,,
유지태,,,,,,,,,,
유진,,,,,,,,,,
육성재,,,,,,,,,,
윤계상,,,,,,,,,,
윤두준,,,,,,,,,,
윤박,,,,,,,,,,
윤상현,,,,,,,,,,
윤세아,,,,,,,,,,
윤소이,,,,,,,,,,
윤시윤,,,,,,,,,,
윤아,,,,,,,,,,
윤예주,,,,,,,,,,
윤은혜,,,,,,,,,,
윤진서,,,,,,,,,,
윤진이,,,,,,,,,,
윤현민,,,,,,,,,,
이기광,,,,,,,,,,
이나영,,,,,,,,,,
이다윗,,,,,,,,,,
이다해,,,,,,,,,,
이다희,,,,,,,,,,
이동건,,,,,,,,,,
이동욱,,,,,,,,,,
이미숙,,,,,,,,,,
이민기,,,,,,,,,,
이민정,,,,,,,,,,
이민지,,,,,,,,,,
이민호,,,,,,,,,,
이범수,,,,,,,,,,
이병헌,,,,,,,,,,
이보영,,,,,,,,,,
이상엽,,,,,,,,,,
이상윤,,,,,,,,,,
이성열,,,,,,,,,,
이성재,,,,,,,,,,
이세영,,,,,,,,,,
이소연,,,,,,,,,,
이수경,,,,,,,,,,
이수혁,,,,,,,,,,
이시영,,,,,,,,,,
이신영,,,,,,,,,,
이엘,,,,,,,,,,
이영아,,,,,,,,,,
이예현,,,,,,,,,,
이완,,,,,,,,,,
이요원,,,,,,,,,,
이원근,,,,,,,,,,
이유영,,,,,,,,,,
이은성,,,,,,,,,,
이장우,,,,,,,,,,
이정진,,,,,,,,,,
이종석,,,,,,,,,,
이종혁,,,,,,,,,,
이종현,,,,,,,,,,
이주영,,,,,,,,,,
이준기,,,,,,,,,,
이준혁,,,,,,,,,,
이지아,,,,,,,,,,
이지훈,,,,,,,,,,
이진욱,,,,,,,,,,
이창엽,,,,,,,,,,
이창욱,,,,,,,,,,
이천희,,,,,,,,,,
이청아,,,,,,,,,,
이필립,,,,,,,,,,
이필모,,,,,,,,,,
이하나,,,,,,,,,,
이하늬,,,,,,,,,,
이현우,,,,,,,,,,
이혜영,,,,,,,,,,
이홍빈,,,,,,,,,,
이희준,,,,,,,,,,
임수향,,,,,,,,,,
임슬옹,,,,,,,,,,
임정은,,,,,,,,,,
임주은,,,,,,,,,,
임주환,,,,,,,,,,
장근석,,,,,,,,,,
장기용,,,,,,,,,,
장나라,,,,,,,,,,
장동건,,,,,,,,,,
장동윤,,,,,,,,,,
장미희,,,,,,,,,,
장우영,,,,,,,,,,
장혁,,,,,,,,,,
장현성,,,,,,,,,,
장희진,,,,,,,,,,
재희,,,,,,,,,,
전광렬,,,,,,,,,,
전노민,,,,,,,,,,
전미선,,,,,,,,,,
전혜빈,,,,,,,,,,
정겨운,,,,,,,,,,
정려원,,,,,,,,,,
정보석,,,,,,,,,,
정석원,,,,,,,,,,
정소민,,,,,,,,,,
정연주,,,,,,,,,,
정용화,,,,,,,,,,
정웅인,,,,,,,,,,
정유미,,,,,,,,,,
정유진,,,,,,,,,,
정은지,,,,,,,,,,
정이연,,,,,,,,,,
정일우,,,,,,,,,,
정재숙,,,,,,,,,,
정재영,,,,,,,,,,
정준호,,,,,,,,,,
정지훈,,,,,,,,,,
정진영,,,,,,,,,,
정진운,,,,,,,,,,
정혜성,,,,,,,,,,
조동혁,,,,,,,,,,
조보아,,,,,,,,,,
조여정,,,,,,,,,,
조연우,,,,,,,,,,
조우리,,,,,,,,,,
조윤희,,,,,,,,,,
조재윤,,,,,,,,,,
조진웅,,,,,,,,,,
조현재,,,,,,,,,,
조형기,,,,,,,,,,
주상욱,,,,,,,,,,
주원,,,,,,,,,,
주지훈,,,,,,,,,,
준호,,,,,,,,,,
지성,,,,,,,,,,
지연,,,,,,,,,,
지은성,,,,,,,,,,
지이수,,,,,,,,,,
지진희,,,,,,,,,,
지창욱,,,,,,,,,,
지현우,,,,,,,,,,
진구,,,,,,,,,,
진세연,,,,,,,,,,
진영,,,,,,,,,,
진희경,,,,,,,,,,
차예련,,,,,,,,,,
차태현,,,,,,,,,,
차학연,,,,,,,,,,
차화연,,,,,,,,,,
채림,,,,,,,,,,
채서진,,,,,,,,,,
채수빈,,,,,,,,,,
채시라,,,,,,,,,,
채정안,,,,,,,,,,
천정명,,,,,,,,,,
최강희,,,,,,,,,,
최다니엘,,,,,,,,,,
최명길,,,,,,,,,,
최민수,,,,,,,,,,
최수린,,,,,,,,,,
최승경,,,,,,,,,,
최시원,,,,,,,,,,
최여진,,,,,,,,,,
최원영,,,,,,,,,,
최정원,,,,,,,,,,
최진혁,,,,,,,,,,
최철호,,,,,,,,,,
카이,,,,,,,,,,
태인호,,,,,,,,,,
하석진,,,,,,,,,,
하재숙,,,,,,,,,,
하지원,,,,,,,,,,
한고은,,,,,,,,,,
한보름,,,,,,,,,,
한선화,,,,,,,,,,
한예슬,,,,,,,,,,
한은정,,,,,,,,,,
한재석,,,,,,,,,,
한주완,,,,,,,,,,
한준우,,,,,,,,,,
한지민,,,,,,,,,,
한지혜,,,,,,,,,,
한채아,,,,,,,,,,
한채영,,,,,,,,,,
한혜진,,,,,,,,,,
한효주,,,,,,,,,,
함은정,,,,,,,,,,
허이재,,,,,,,,,,
허정민,,,,,,,,,,
허정은,,,,,,,,,,
현빈,,,,,,,,,,
호란,,,,,,,,,,
홍수현,,,,,,,,,,
황정민,,,,,,,,,,
황정음,,,,,,,,,,
