강경훈,https://people.search.naver.com/search.naver?where=nexearch&query=%EA%B0%95%EA%B2%BD%ED%9B%88&sm=tab_etc&ie=utf8&key=PeopleService&os=563547
강대선,https://people.search.naver.com/search.naver?where=nexearch&query=%EA%B0%95%EB%8C%80%EC%84%A0&sm=tab_etc&ie=utf8&key=PeopleService&os=106842
강병택,https://people.search.naver.com/search.naver?where=nexearch&query=%EA%B0%95%EB%B3%91%ED%83%9D&sm=tab_etc&ie=utf8&key=PeopleService&os=178912
강봉규,https://people.search.naver.com/search.naver?where=nexearch&query=%EA%B0%95%EB%B4%89%EA%B7%9C&sm=tab_etc&ie=utf8&key=PeopleService&os=185005
강신효,https://people.search.naver.com/search.naver?where=nexearch&query=%EA%B0%95%EC%8B%A0%ED%9A%A8&sm=tab_etc&ie=utf8&key=PeopleService&os=109358
강영선,https://people.search.naver.com/search.naver?where=nexearch&query=%EA%B0%95%EC%98%81%EC%84%A0&sm=tab_etc&ie=utf8&key=PeopleService&os=118110
강일수,https://people.search.naver.com/search.naver?where=nexearch&query=%EA%B0%95%EC%9D%BC%EC%88%98&sm=tab_etc&ie=utf8&key=PeopleService&os=139864
강철우,https://people.search.naver.com/search.naver?where=nexearch&query=%EA%B0%95%EC%B2%A0%EC%9A%B0&sm=tab_etc&ie=utf8&key=PeopleService&os=161212
강효진,https://people.search.naver.com/search.naver?where=nexearch&query=%EA%B0%95%ED%9A%A8%EC%A7%84&sm=tab_etc&ie=utf8&key=PeopleService&os=147317
고동선,https://people.search.naver.com/search.naver?where=nexearch&query=%EA%B3%A0%EB%8F%99%EC%84%A0&sm=tab_etc&ie=utf8&key=PeopleService&os=109002
고영탁,https://people.search.naver.com/search.naver?where=nexearch&query=%EA%B3%A0%EC%98%81%ED%83%81&sm=tab_etc&ie=utf8&key=PeopleService&os=179735
고재현,https://people.search.naver.com/search.naver?where=nexearch&query=%EA%B3%A0%EC%9E%AC%ED%98%84&sm=tab_etc&ie=utf8&key=PeopleService&os=309072
고찬수,https://people.search.naver.com/search.naver?where=nexearch&query=%EA%B3%A0%EC%B0%AC%EC%88%98&sm=tab_etc&ie=utf8&key=PeopleService&os=277905
고태경,https://people.search.naver.com/search.naver?where=nexearch&query=%EA%B3%A0%ED%83%9C%EA%B2%BD&sm=tab_etc&ie=utf8&key=PeopleService&os=485418
고흥식,https://people.search.naver.com/search.naver?where=nexearch&query=%EA%B3%A0%ED%9D%A5%EC%8B%9D&sm=tab_etc&ie=utf8&key=PeopleService&os=191344
곽경택,https://people.search.naver.com/search.naver?where=nexearch&query=%EA%B3%BD%EA%B2%BD%ED%83%9D&sm=tab_etc&ie=utf8&key=PeopleService&os=97519
곽기원,https://people.search.naver.com/search.naver?where=nexearch&query=%EA%B3%BD%EA%B8%B0%EC%9B%90&sm=tab_etc&ie=utf8&key=PeopleService&os=222484
곽영범,https://people.search.naver.com/search.naver?where=nexearch&query=%EA%B3%BD%EC%98%81%EB%B2%94&sm=tab_etc&ie=utf8&key=PeopleService&os=104487
곽정환,https://people.search.naver.com/search.naver?where=nexearch&query=%EA%B3%BD%EC%A0%95%ED%99%98&sm=tab_etc&ie=utf8&key=PeopleService&os=174057
구혜선,https://people.search.naver.com/search.naver?where=nexearch&query=%EA%B5%AC%ED%98%9C%EC%84%A0&sm=tab_etc&ie=utf8&key=PeopleService&os=95926
권석,https://people.search.naver.com/search.naver?where=nexearch&query=%EA%B6%8C%EC%84%9D&sm=tab_etc&ie=utf8&key=PeopleService&os=118112
권석장,https://people.search.naver.com/search.naver?where=nexearch&query=%EA%B6%8C%EC%84%9D%EC%9E%A5&sm=tab_etc&ie=utf8&key=PeopleService&os=104491
권성창,https://people.search.naver.com/search.naver?where=nexearch&query=%EA%B6%8C%EC%84%B1%EC%B0%BD&sm=tab_etc&ie=utf8&key=PeopleService&os=262745
권수경,https://people.search.naver.com/search.naver?where=nexearch&query=%EA%B6%8C%EC%88%98%EA%B2%BD&sm=tab_etc&ie=utf8&key=PeopleService&os=124251
권순욱,https://people.search.naver.com/search.naver?where=nexearch&query=%EA%B6%8C%EC%88%9C%EC%9A%B1&sm=tab_etc&ie=utf8&key=PeopleService&os=122448
권이상,https://people.search.naver.com/search.naver?where=nexearch&query=%EA%B6%8C%EC%9D%B4%EC%83%81&sm=tab_etc&ie=utf8&key=PeopleService&os=104490
권익준,https://people.search.naver.com/search.naver?where=nexearch&query=%EA%B6%8C%EC%9D%B5%EC%A4%80&sm=tab_etc&ie=utf8&key=PeopleService&os=185810
권재영,https://people.search.naver.com/search.naver?where=nexearch&query=%EA%B6%8C%EC%9E%AC%EC%98%81&sm=tab_etc&ie=utf8&key=PeopleService&os=124561
권창범,https://people.search.naver.com/search.naver?where=nexearch&query=%EA%B6%8C%EC%B0%BD%EB%B2%94&sm=tab_etc&ie=utf8&key=PeopleService&os=285613
권혁찬,https://people.search.naver.com/search.naver?where=nexearch&query=%EA%B6%8C%ED%98%81%EC%B0%AC&sm=tab_etc&ie=utf8&key=PeopleService&os=220032
기민수,https://people.search.naver.com/search.naver?where=nexearch&query=%EA%B8%B0%EB%AF%BC%EC%88%98&sm=tab_etc&ie=utf8&key=PeopleService&os=166625
기훈석,https://people.search.naver.com/search.naver?where=nexearch&query=%EA%B8%B0%ED%9B%88%EC%84%9D&sm=tab_etc&ie=utf8&key=PeopleService&os=633821
김가람,https://people.search.naver.com/search.naver?where=nexearch&query=%EA%B9%80%EA%B0%80%EB%9E%8C&sm=tab_etc&ie=utf8&key=PeopleService&os=561592
김경용,https://people.search.naver.com/search.naver?where=nexearch&query=%EA%B9%80%EA%B2%BD%EC%9A%A9&sm=tab_etc&ie=utf8&key=PeopleService&os=187549
김경희,https://people.search.naver.com/search.naver?where=nexearch&query=%EA%B9%80%EA%B2%BD%ED%9D%AC&sm=tab_etc&ie=utf8&key=PeopleService&os=161042
김규태,https://people.search.naver.com/search.naver?where=nexearch&query=%EA%B9%80%EA%B7%9C%ED%83%9C&sm=tab_etc&ie=utf8&key=PeopleService&os=109024
김근홍,https://people.search.naver.com/search.naver?where=nexearch&query=%EA%B9%80%EA%B7%BC%ED%99%8D&sm=tab_etc&ie=utf8&key=PeopleService&os=106974
김남원,https://people.search.naver.com/search.naver?where=nexearch&query=%EA%B9%80%EB%82%A8%EC%9B%90&sm=tab_etc&ie=utf8&key=PeopleService&os=188242
김달준,https://people.search.naver.com/search.naver?where=nexearch&query=%EA%B9%80%EB%8B%AC%EC%A4%80&sm=tab_etc&ie=utf8&key=PeopleService&os=285614
김대진,https://people.search.naver.com/search.naver?where=nexearch&query=%EA%B9%80%EB%8C%80%EC%A7%84&sm=tab_etc&ie=utf8&key=PeopleService&os=173968
김대현,https://people.search.naver.com/search.naver?where=nexearch&query=%EA%B9%80%EB%8C%80%ED%98%84&sm=tab_etc&ie=utf8&key=PeopleService&os=644047
김도혁,https://people.search.naver.com/search.naver?where=nexearch&query=%EA%B9%80%EB%8F%84%ED%98%81&sm=tab_etc&ie=utf8&key=PeopleService&os=96550
김도형,https://people.search.naver.com/search.naver?where=nexearch&query=%EA%B9%80%EB%8F%84%ED%98%95&sm=tab_etc&ie=utf8&key=PeopleService&os=188689
김도훈,https://people.search.naver.com/search.naver?where=nexearch&query=%EA%B9%80%EB%8F%84%ED%9B%88&sm=tab_etc&ie=utf8&key=PeopleService&os=191021
김동일,https://people.search.naver.com/search.naver?where=nexearch&query=%EA%B9%80%EB%8F%99%EC%9D%BC&sm=tab_etc&ie=utf8&key=PeopleService&os=1985070
김동휘,https://people.search.naver.com/search.naver?where=nexearch&query=%EA%B9%80%EB%8F%99%ED%9C%98&sm=tab_etc&ie=utf8&key=PeopleService&os=4572649
김명욱,https://people.search.naver.com/search.naver?where=nexearch&query=%EA%B9%80%EB%AA%85%EC%9A%B1&sm=tab_etc&ie=utf8&key=PeopleService&os=189680
김미숙,https://people.search.naver.com/search.naver?where=nexearch&query=%EA%B9%80%EB%AF%B8%EC%88%99&sm=tab_etc&ie=utf8&key=PeopleService&os=222648
김민경,https://people.search.naver.com/search.naver?where=nexearch&query=%EA%B9%80%EB%AF%BC%EA%B2%BD&sm=tab_etc&ie=utf8&key=PeopleService&os=1869569
김민식,https://people.search.naver.com/search.naver?where=nexearch&query=%EA%B9%80%EB%AF%BC%EC%8B%9D&sm=tab_etc&ie=utf8&key=PeopleService&os=111249
김병수,https://people.search.naver.com/search.naver?where=nexearch&query=%EA%B9%80%EB%B3%91%EC%88%98&sm=tab_etc&ie=utf8&key=PeopleService&os=247305
김병욱,https://people.search.naver.com/search.naver?where=nexearch&query=%EA%B9%80%EB%B3%91%EC%9A%B1&sm=tab_etc&ie=utf8&key=PeopleService&os=129820
김사현,https://people.search.naver.com/search.naver?where=nexearch&query=%EA%B9%80%EC%82%AC%ED%98%84&sm=tab_etc&ie=utf8&key=PeopleService&os=160331
김상래,https://people.search.naver.com/search.naver?where=nexearch&query=%EA%B9%80%EC%83%81%EB%9E%98&sm=tab_etc&ie=utf8&key=PeopleService&os=314858
김상협,https://people.search.naver.com/search.naver?where=nexearch&query=%EA%B9%80%EC%83%81%ED%98%91&sm=tab_etc&ie=utf8&key=PeopleService&os=105295
김상호,https://people.search.naver.com/search.naver?where=nexearch&query=%EA%B9%80%EC%83%81%ED%98%B8&sm=tab_etc&ie=utf8&key=PeopleService&os=115789
김상훈,https://people.search.naver.com/search.naver?where=nexearch&query=%EA%B9%80%EC%83%81%ED%9B%88&sm=tab_etc&ie=utf8&key=PeopleService&os=2411536
김상휘,https://people.search.naver.com/search.naver?where=nexearch&query=%EA%B9%80%EC%83%81%ED%9C%98&sm=tab_etc&ie=utf8&key=PeopleService&os=178197
김석윤,https://people.search.naver.com/search.naver?where=nexearch&query=%EA%B9%80%EC%84%9D%EC%9C%A4&sm=tab_etc&ie=utf8&key=PeopleService&os=119432
김성근,https://people.search.naver.com/search.naver?where=nexearch&query=%EA%B9%80%EC%84%B1%EA%B7%BC&sm=tab_etc&ie=utf8&key=PeopleService&os=104500
김성덕,https://people.search.naver.com/search.naver?where=nexearch&query=%EA%B9%80%EC%84%B1%EB%8D%95&sm=tab_etc&ie=utf8&key=PeopleService&os=109041
김성수,https://people.search.naver.com/search.naver?where=nexearch&query=%EA%B9%80%EC%84%B1%EC%88%98&sm=tab_etc&ie=utf8&key=PeopleService&os=126399
김성욱,https://people.search.naver.com/search.naver?where=nexearch&query=%EA%B9%80%EC%84%B1%EC%9A%B1&sm=tab_etc&ie=utf8&key=PeopleService&os=2343326
김성윤,https://people.search.naver.com/search.naver?where=nexearch&query=%EA%B9%80%EC%84%B1%EC%9C%A4&sm=tab_etc&ie=utf8&key=PeopleService&os=178913
김성훈,https://people.search.naver.com/search.naver?where=nexearch&query=%EA%B9%80%EC%84%B1%ED%9B%88&sm=tab_etc&ie=utf8&key=PeopleService&os=129551
김솔매,https://people.search.naver.com/search.naver?where=nexearch&query=%EA%B9%80%EC%86%94%EB%A7%A4&sm=tab_etc&ie=utf8&key=PeopleService&os=315089
김수경,https://people.search.naver.com/search.naver?where=nexearch&query=%EA%B9%80%EC%88%98%EA%B2%BD&sm=tab_etc&ie=utf8&key=PeopleService&os=308833
김수룡,https://people.search.naver.com/search.naver?where=nexearch&query=%EA%B9%80%EC%88%98%EB%A3%A1&sm=tab_etc&ie=utf8&key=PeopleService&os=153084
김수영,https://people.search.naver.com/search.naver?where=nexearch&query=%EA%B9%80%EC%88%98%EC%98%81&sm=tab_etc&ie=utf8&key=PeopleService&os=190872
김수형,https://people.search.naver.com/search.naver?where=nexearch&query=%EA%B9%80%EC%88%98%ED%98%95&sm=tab_etc&ie=utf8&key=PeopleService&os=109047
김신일,https://people.search.naver.com/search.naver?where=nexearch&query=%EA%B9%80%EC%8B%A0%EC%9D%BC&sm=tab_etc&ie=utf8&key=PeopleService&os=3894500
김영균,https://people.search.naver.com/search.naver?where=nexearch&query=%EA%B9%80%EC%98%81%EA%B7%A0&sm=tab_etc&ie=utf8&key=PeopleService&os=178106
김영기,https://people.search.naver.com/search.naver?where=nexearch&query=%EA%B9%80%EC%98%81%EA%B8%B0&sm=tab_etc&ie=utf8&key=PeopleService&os=160461
김영남,https://people.search.naver.com/search.naver?where=nexearch&query=%EA%B9%80%EC%98%81%EB%82%A8&sm=tab_etc&ie=utf8&key=PeopleService&os=122803
김영로,https://people.search.naver.com/search.naver?where=nexearch&query=%EA%B9%80%EC%98%81%EB%A1%9C&sm=tab_etc&ie=utf8&key=PeopleService&os=175557
김영민,https://people.search.naver.com/search.naver?where=nexearch&query=%EA%B9%80%EC%98%81%EB%AF%BC&sm=tab_etc&ie=utf8&key=PeopleService&os=208770
김영조,https://people.search.naver.com/search.naver?where=nexearch&query=%EA%B9%80%EC%98%81%EC%A1%B0&sm=tab_etc&ie=utf8&key=PeopleService&os=177911
김영준,https://people.search.naver.com/search.naver?where=nexearch&query=%EA%B9%80%EC%98%81%EC%A4%80&sm=tab_etc&ie=utf8&key=PeopleService&os=109058
김영진,https://people.search.naver.com/search.naver?where=nexearch&query=%EA%B9%80%EC%98%81%EC%A7%84&sm=tab_etc&ie=utf8&key=PeopleService&os=121882
김예린,https://people.search.naver.com/search.naver?where=nexearch&query=%EA%B9%80%EC%98%88%EB%A6%B0&sm=tab_etc&ie=utf8&key=PeopleService&os=210671
김용균,https://people.search.naver.com/search.naver?where=nexearch&query=%EA%B9%80%EC%9A%A9%EA%B7%A0&sm=tab_etc&ie=utf8&key=PeopleService&os=103502
김용민,https://people.search.naver.com/search.naver?where=nexearch&query=%EA%B9%80%EC%9A%A9%EB%AF%BC&sm=tab_etc&ie=utf8&key=PeopleService&os=559451
김용범,https://people.search.naver.com/search.naver?where=nexearch&query=%EA%B9%80%EC%9A%A9%EB%B2%94&sm=tab_etc&ie=utf8&key=PeopleService&os=190671
김용완,https://people.search.naver.com/search.naver?where=nexearch&query=%EA%B9%80%EC%9A%A9%EC%99%84&sm=tab_etc&ie=utf8&key=PeopleService&os=1864585
김용재,https://people.search.naver.com/search.naver?where=nexearch&query=%EA%B9%80%EC%9A%A9%EC%9E%AC&sm=tab_etc&ie=utf8&key=PeopleService&os=180600
김우선,https://people.search.naver.com/search.naver?where=nexearch&query=%EA%B9%80%EC%9A%B0%EC%84%A0&sm=tab_etc&ie=utf8&key=PeopleService&os=169897
김원석,https://people.search.naver.com/search.naver?where=nexearch&query=%EA%B9%80%EC%9B%90%EC%84%9D&sm=tab_etc&ie=utf8&key=PeopleService&os=171246
김원석,https://people.search.naver.com/search.naver?where=nexearch&query=%EA%B9%80%EC%9B%90%EC%84%9D&sm=tab_etc&ie=utf8&key=PeopleService&os=180325
김원용,https://people.search.naver.com/search.naver?where=nexearch&query=%EA%B9%80%EC%9B%90%EC%9A%A9&sm=tab_etc&ie=utf8&key=PeopleService&os=174155
김윤철,https://people.search.naver.com/search.naver?where=nexearch&query=%EA%B9%80%EC%9C%A4%EC%B2%A0&sm=tab_etc&ie=utf8&key=PeopleService&os=104517
김의석,https://people.search.naver.com/search.naver?where=nexearch&query=%EA%B9%80%EC%9D%98%EC%84%9D&sm=tab_etc&ie=utf8&key=PeopleService&os=103504
김장한,https://people.search.naver.com/search.naver?where=nexearch&query=%EA%B9%80%EC%9E%A5%ED%95%9C&sm=tab_etc&ie=utf8&key=PeopleService&os=16885810
김재형,https://people.search.naver.com/search.naver?where=nexearch&query=%EA%B9%80%EC%9E%AC%ED%98%95&sm=tab_etc&ie=utf8&key=PeopleService&os=104521
김재훈,https://people.search.naver.com/search.naver?where=nexearch&query=%EA%B9%80%EC%9E%AC%ED%9B%88&sm=tab_etc&ie=utf8&key=PeopleService&os=185008
김정권,https://people.search.naver.com/search.naver?where=nexearch&query=%EA%B9%80%EC%A0%95%EA%B6%8C&sm=tab_etc&ie=utf8&key=PeopleService&os=640597
김정규,https://people.search.naver.com/search.naver?where=nexearch&query=%EA%B9%80%EC%A0%95%EA%B7%9C&sm=tab_etc&ie=utf8&key=PeopleService&os=180890
김정민,https://people.search.naver.com/search.naver?where=nexearch&query=%EA%B9%80%EC%A0%95%EB%AF%BC&sm=tab_etc&ie=utf8&key=PeopleService&os=190405
김정민,https://people.search.naver.com/search.naver?where=nexearch&query=%EA%B9%80%EC%A0%95%EB%AF%BC&sm=tab_etc&ie=utf8&key=PeopleService&os=314850
김정현,https://people.search.naver.com/search.naver?where=nexearch&query=%EA%B9%80%EC%A0%95%ED%98%84&sm=tab_etc&ie=utf8&key=PeopleService&os=1704622
김정현,https://people.search.naver.com/search.naver?where=nexearch&query=%EA%B9%80%EC%A0%95%ED%98%84&sm=tab_etc&ie=utf8&key=PeopleService&os=556079
김정호,https://people.search.naver.com/search.naver?where=nexearch&query=%EA%B9%80%EC%A0%95%ED%98%B8&sm=tab_etc&ie=utf8&key=PeopleService&os=550893
김정환,https://people.search.naver.com/search.naver?where=nexearch&query=%EA%B9%80%EC%A0%95%ED%99%98&sm=tab_etc&ie=utf8&key=PeopleService&os=186114
김종선,https://people.search.naver.com/search.naver?where=nexearch&query=%EA%B9%80%EC%A2%85%EC%84%A0&sm=tab_etc&ie=utf8&key=PeopleService&os=213766
김종연,https://people.search.naver.com/search.naver?where=nexearch&query=%EA%B9%80%EC%A2%85%EC%97%B0&sm=tab_etc&ie=utf8&key=PeopleService&os=548789
김종창,https://people.search.naver.com/search.naver?where=nexearch&query=%EA%B9%80%EC%A2%85%EC%B0%BD&sm=tab_etc&ie=utf8&key=PeopleService&os=104525
김종학,https://people.search.naver.com/search.naver?where=nexearch&query=%EA%B9%80%EC%A2%85%ED%95%99&sm=tab_etc&ie=utf8&key=PeopleService&os=98239
김종혁,https://people.search.naver.com/search.naver?where=nexearch&query=%EA%B9%80%EC%A2%85%ED%98%81&sm=tab_etc&ie=utf8&key=PeopleService&os=104529
김종현,https://people.search.naver.com/search.naver?where=nexearch&query=%EA%B9%80%EC%A2%85%ED%98%84&sm=tab_etc&ie=utf8&key=PeopleService&os=103506
김준현,https://people.search.naver.com/search.naver?where=nexearch&query=%EA%B9%80%EC%A4%80%ED%98%84&sm=tab_etc&ie=utf8&key=PeopleService&os=187426
김지현,https://people.search.naver.com/search.naver?where=nexearch&query=%EA%B9%80%EC%A7%80%ED%98%84&sm=tab_etc&ie=utf8&key=PeopleService&os=3205385
김진만,https://people.search.naver.com/search.naver?where=nexearch&query=%EA%B9%80%EC%A7%84%EB%A7%8C&sm=tab_etc&ie=utf8&key=PeopleService&os=102310
김진무,https://people.search.naver.com/search.naver?where=nexearch&query=%EA%B9%80%EC%A7%84%EB%AC%B4&sm=tab_etc&ie=utf8&key=PeopleService&os=1741487
김진민,https://people.search.naver.com/search.naver?where=nexearch&query=%EA%B9%80%EC%A7%84%EB%AF%BC&sm=tab_etc&ie=utf8&key=PeopleService&os=104530
김진영,https://people.search.naver.com/search.naver?where=nexearch&query=%EA%B9%80%EC%A7%84%EC%98%81&sm=tab_etc&ie=utf8&key=PeopleService&os=175681
김진우,https://people.search.naver.com/search.naver?where=nexearch&query=%EA%B9%80%EC%A7%84%EC%9A%B0&sm=tab_etc&ie=utf8&key=PeopleService&os=483807
김진원,https://people.search.naver.com/search.naver?where=nexearch&query=%EA%B9%80%EC%A7%84%EC%9B%90&sm=tab_etc&ie=utf8&key=PeopleService&os=164885
김창동,https://people.search.naver.com/search.naver?where=nexearch&query=%EA%B9%80%EC%B0%BD%EB%8F%99&sm=tab_etc&ie=utf8&key=PeopleService&os=190881
김철규,https://people.search.naver.com/search.naver?where=nexearch&query=%EA%B9%80%EC%B2%A0%EA%B7%9C&sm=tab_etc&ie=utf8&key=PeopleService&os=104534
김태은,https://people.search.naver.com/search.naver?where=nexearch&query=%EA%B9%80%ED%83%9C%EC%9D%80&sm=tab_etc&ie=utf8&key=PeopleService&os=130463
김태훈,https://people.search.naver.com/search.naver?where=nexearch&query=%EA%B9%80%ED%83%9C%ED%9B%88&sm=tab_etc&ie=utf8&key=PeopleService&os=485082
김태희,https://people.search.naver.com/search.naver?where=nexearch&query=%EA%B9%80%ED%83%9C%ED%9D%AC&sm=tab_etc&ie=utf8&key=PeopleService&os=141300
김평중,https://people.search.naver.com/search.naver?where=nexearch&query=%EA%B9%80%ED%8F%89%EC%A4%91&sm=tab_etc&ie=utf8&key=PeopleService&os=166822
김한솔,https://people.search.naver.com/search.naver?where=nexearch&query=%EA%B9%80%ED%95%9C%EC%86%94&sm=tab_etc&ie=utf8&key=PeopleService&os=586076
김형석,https://people.search.naver.com/search.naver?where=nexearch&query=%EA%B9%80%ED%98%95%EC%84%9D&sm=tab_etc&ie=utf8&key=PeopleService&os=107333
김형식,https://people.search.naver.com/search.naver?where=nexearch&query=%EA%B9%80%ED%98%95%EC%8B%9D&sm=tab_etc&ie=utf8&key=PeopleService&os=143123
김형일,https://people.search.naver.com/search.naver?where=nexearch&query=%EA%B9%80%ED%98%95%EC%9D%BC&sm=tab_etc&ie=utf8&key=PeopleService&os=185821
김호영,https://people.search.naver.com/search.naver?where=nexearch&query=%EA%B9%80%ED%98%B8%EC%98%81&sm=tab_etc&ie=utf8&key=PeopleService&os=653086
김홍선,https://people.search.naver.com/search.naver?where=nexearch&query=%EA%B9%80%ED%99%8D%EC%84%A0&sm=tab_etc&ie=utf8&key=PeopleService&os=151893
김홍종,https://people.search.naver.com/search.naver?where=nexearch&query=%EA%B9%80%ED%99%8D%EC%A2%85&sm=tab_etc&ie=utf8&key=PeopleService&os=210951
김효언,https://people.search.naver.com/search.naver?where=nexearch&query=%EA%B9%80%ED%9A%A8%EC%96%B8&sm=tab_etc&ie=utf8&key=PeopleService&os=2312410
김휘,https://people.search.naver.com/search.naver?where=nexearch&query=%EA%B9%80%ED%9C%98&sm=tab_etc&ie=utf8&key=PeopleService&os=474187
김흥동,https://people.search.naver.com/search.naver?where=nexearch&query=%EA%B9%80%ED%9D%A5%EB%8F%99&sm=tab_etc&ie=utf8&key=PeopleService&os=192688
김희성,https://people.search.naver.com/search.naver?where=nexearch&query=%EA%B9%80%ED%9D%AC%EC%84%B1&sm=tab_etc&ie=utf8&key=PeopleService&os=263471
김희원,https://people.search.naver.com/search.naver?where=nexearch&query=%EA%B9%80%ED%9D%AC%EC%9B%90&sm=tab_etc&ie=utf8&key=PeopleService&os=263658
남건,https://people.search.naver.com/search.naver?where=nexearch&query=%EB%82%A8%EA%B1%B4&sm=tab_etc&ie=utf8&key=PeopleService&os=654145
남기훈,https://people.search.naver.com/search.naver?where=nexearch&query=%EB%82%A8%EA%B8%B0%ED%9B%88&sm=tab_etc&ie=utf8&key=PeopleService&os=533104
남성우,https://people.search.naver.com/search.naver?where=nexearch&query=%EB%82%A8%EC%84%B1%EC%9A%B0&sm=tab_etc&ie=utf8&key=PeopleService&os=13061147
남택수,https://people.search.naver.com/search.naver?where=nexearch&query=%EB%82%A8%ED%83%9D%EC%88%98&sm=tab_etc&ie=utf8&key=PeopleService&os=318710
노도철,https://people.search.naver.com/search.naver?where=nexearch&query=%EB%85%B8%EB%8F%84%EC%B2%A0&sm=tab_etc&ie=utf8&key=PeopleService&os=113606
노상훈,https://people.search.naver.com/search.naver?where=nexearch&query=%EB%85%B8%EC%83%81%ED%9B%88&sm=tab_etc&ie=utf8&key=PeopleService&os=190837
노종찬,https://people.search.naver.com/search.naver?where=nexearch&query=%EB%85%B8%EC%A2%85%EC%B0%AC&sm=tab_etc&ie=utf8&key=PeopleService&os=180766
류승진,https://people.search.naver.com/search.naver?where=nexearch&query=%EB%A5%98%EC%8A%B9%EC%A7%84&sm=tab_etc&ie=utf8&key=PeopleService&os=181973
명현우,https://people.search.naver.com/search.naver?where=nexearch&query=%EB%AA%85%ED%98%84%EC%9A%B0&sm=tab_etc&ie=utf8&key=PeopleService&os=489823
모완일,https://people.search.naver.com/search.naver?where=nexearch&query=%EB%AA%A8%EC%99%84%EC%9D%BC&sm=tab_etc&ie=utf8&key=PeopleService&os=248535
문보현,https://people.search.naver.com/search.naver?where=nexearch&query=%EB%AC%B8%EB%B3%B4%ED%98%84&sm=tab_etc&ie=utf8&key=PeopleService&os=104542
문영진,https://people.search.naver.com/search.naver?where=nexearch&query=%EB%AC%B8%EC%98%81%EC%A7%84&sm=tab_etc&ie=utf8&key=PeopleService&os=178195
문준하,https://people.search.naver.com/search.naver?where=nexearch&query=%EB%AC%B8%EC%A4%80%ED%95%98&sm=tab_etc&ie=utf8&key=PeopleService&os=186610
민두식,https://people.search.naver.com/search.naver?where=nexearch&query=%EB%AF%BC%EB%91%90%EC%8B%9D&sm=tab_etc&ie=utf8&key=PeopleService&os=213842
민연홍,https://people.search.naver.com/search.naver?where=nexearch&query=%EB%AF%BC%EC%97%B0%ED%99%8D&sm=tab_etc&ie=utf8&key=PeopleService&os=1733445
민진기,https://people.search.naver.com/search.naver?where=nexearch&query=%EB%AF%BC%EC%A7%84%EA%B8%B0&sm=tab_etc&ie=utf8&key=PeopleService&os=552890
박경렬,https://people.search.naver.com/search.naver?where=nexearch&query=%EB%B0%95%EA%B2%BD%EB%A0%AC&sm=tab_etc&ie=utf8&key=PeopleService&os=164563
박기현,https://people.search.naver.com/search.naver?where=nexearch&query=%EB%B0%95%EA%B8%B0%ED%98%84&sm=tab_etc&ie=utf8&key=PeopleService&os=557835
박기형,https://people.search.naver.com/search.naver?where=nexearch&query=%EB%B0%95%EA%B8%B0%ED%98%95&sm=tab_etc&ie=utf8&key=PeopleService&os=99587
박기호,https://people.search.naver.com/search.naver?where=nexearch&query=%EB%B0%95%EA%B8%B0%ED%98%B8&sm=tab_etc&ie=utf8&key=PeopleService&os=118208
박만영,https://people.search.naver.com/search.naver?where=nexearch&query=%EB%B0%95%EB%A7%8C%EC%98%81&sm=tab_etc&ie=utf8&key=PeopleService&os=132089
박복만,https://people.search.naver.com/search.naver?where=nexearch&query=%EB%B0%95%EB%B3%B5%EB%A7%8C&sm=tab_etc&ie=utf8&key=PeopleService&os=122004
박상훈,https://people.search.naver.com/search.naver?where=nexearch&query=%EB%B0%95%EC%83%81%ED%9B%88&sm=tab_etc&ie=utf8&key=PeopleService&os=2621580
박성수,https://people.search.naver.com/search.naver?where=nexearch&query=%EB%B0%95%EC%84%B1%EC%88%98&sm=tab_etc&ie=utf8&key=PeopleService&os=104561
박성재,https://people.search.naver.com/search.naver?where=nexearch&query=%EB%B0%95%EC%84%B1%EC%9E%AC&sm=tab_etc&ie=utf8&key=PeopleService&os=180590
박수철,https://people.search.naver.com/search.naver?where=nexearch&query=%EB%B0%95%EC%88%98%EC%B2%A0&sm=tab_etc&ie=utf8&key=PeopleService&os=219674
박승민,https://people.search.naver.com/search.naver?where=nexearch&query=%EB%B0%95%EC%8A%B9%EB%AF%BC&sm=tab_etc&ie=utf8&key=PeopleService&os=180578
박신우,https://people.search.naver.com/search.naver?where=nexearch&query=%EB%B0%95%EC%8B%A0%EC%9A%B0&sm=tab_etc&ie=utf8&key=PeopleService&os=163359
박신우,https://people.search.naver.com/search.naver?where=nexearch&query=%EB%B0%95%EC%8B%A0%EC%9A%B0&sm=tab_etc&ie=utf8&key=PeopleService&os=1867094
박영수,https://people.search.naver.com/search.naver?where=nexearch&query=%EB%B0%95%EC%98%81%EC%88%98&sm=tab_etc&ie=utf8&key=PeopleService&os=178244
박용순,https://people.search.naver.com/search.naver?where=nexearch&query=%EB%B0%95%EC%9A%A9%EC%88%9C&sm=tab_etc&ie=utf8&key=PeopleService&os=314601
박용진,https://people.search.naver.com/search.naver?where=nexearch&query=%EB%B0%95%EC%9A%A9%EC%A7%84&sm=tab_etc&ie=utf8&key=PeopleService&os=638931
박원국,https://people.search.naver.com/search.naver?where=nexearch&query=%EB%B0%95%EC%9B%90%EA%B5%AD&sm=tab_etc&ie=utf8&key=PeopleService&os=2649050
박인제,https://people.search.naver.com/search.naver?where=nexearch&query=%EB%B0%95%EC%9D%B8%EC%A0%9C&sm=tab_etc&ie=utf8&key=PeopleService&os=191885
박재범,https://people.search.naver.com/search.naver?where=nexearch&query=%EB%B0%95%EC%9E%AC%EB%B2%94&sm=tab_etc&ie=utf8&key=PeopleService&os=530046
박정범,https://people.search.naver.com/search.naver?where=nexearch&query=%EB%B0%95%EC%A0%95%EB%B2%94&sm=tab_etc&ie=utf8&key=PeopleService&os=190908
박정우,https://people.search.naver.com/search.naver?where=nexearch&query=%EB%B0%95%EC%A0%95%EC%9A%B0&sm=tab_etc&ie=utf8&key=PeopleService&os=98723
박준수,https://people.search.naver.com/search.naver?where=nexearch&query=%EB%B0%95%EC%A4%80%EC%88%98&sm=tab_etc&ie=utf8&key=PeopleService&os=186578
박준우,https://people.search.naver.com/search.naver?where=nexearch&query=%EB%B0%95%EC%A4%80%EC%9A%B0&sm=tab_etc&ie=utf8&key=PeopleService&os=239704
박준화,https://people.search.naver.com/search.naver?where=nexearch&query=%EB%B0%95%EC%A4%80%ED%99%94&sm=tab_etc&ie=utf8&key=PeopleService&os=174296
박진석,https://people.search.naver.com/search.naver?where=nexearch&query=%EB%B0%95%EC%A7%84%EC%84%9D&sm=tab_etc&ie=utf8&key=PeopleService&os=479989
박찬율,https://people.search.naver.com/search.naver?where=nexearch&query=%EB%B0%95%EC%B0%AC%EC%9C%A8&sm=tab_etc&ie=utf8&key=PeopleService&os=1699045
박찬홍,https://people.search.naver.com/search.naver?where=nexearch&query=%EB%B0%95%EC%B0%AC%ED%99%8D&sm=tab_etc&ie=utf8&key=PeopleService&os=116549
박태삼,https://people.search.naver.com/search.naver?where=nexearch&query=%EB%B0%95%ED%83%9C%EC%82%BC&sm=tab_etc&ie=utf8&key=PeopleService&os=1737637
박현석,https://people.search.naver.com/search.naver?where=nexearch&query=%EB%B0%95%ED%98%84%EC%84%9D&sm=tab_etc&ie=utf8&key=PeopleService&os=217032
박현주,https://people.search.naver.com/search.naver?where=nexearch&query=%EB%B0%95%ED%98%84%EC%A3%BC&sm=tab_etc&ie=utf8&key=PeopleService&os=530955
박형기,https://people.search.naver.com/search.naver?where=nexearch&query=%EB%B0%95%ED%98%95%EA%B8%B0&sm=tab_etc&ie=utf8&key=PeopleService&os=209314
박홍균,https://people.search.naver.com/search.naver?where=nexearch&query=%EB%B0%95%ED%99%8D%EA%B7%A0&sm=tab_etc&ie=utf8&key=PeopleService&os=190883
박흥식,https://people.search.naver.com/search.naver?where=nexearch&query=%EB%B0%95%ED%9D%A5%EC%8B%9D&sm=tab_etc&ie=utf8&key=PeopleService&os=112945
배경수,https://people.search.naver.com/search.naver?where=nexearch&query=%EB%B0%B0%EA%B2%BD%EC%88%98&sm=tab_etc&ie=utf8&key=PeopleService&os=286771
배태섭,https://people.search.naver.com/search.naver?where=nexearch&query=%EB%B0%B0%ED%83%9C%EC%84%AD&sm=tab_etc&ie=utf8&key=PeopleService&os=187605
백상훈,https://people.search.naver.com/search.naver?where=nexearch&query=%EB%B0%B1%EC%83%81%ED%9B%88&sm=tab_etc&ie=utf8&key=PeopleService&os=482914
백수찬,https://people.search.naver.com/search.naver?where=nexearch&query=%EB%B0%B1%EC%88%98%EC%B0%AC&sm=tab_etc&ie=utf8&key=PeopleService&os=189118
백승룡,https://people.search.naver.com/search.naver?where=nexearch&query=%EB%B0%B1%EC%8A%B9%EB%A3%A1&sm=tab_etc&ie=utf8&key=PeopleService&os=174298
백호민,https://people.search.naver.com/search.naver?where=nexearch&query=%EB%B0%B1%ED%98%B8%EB%AF%BC&sm=tab_etc&ie=utf8&key=PeopleService&os=178928
봉만대,https://people.search.naver.com/search.naver?where=nexearch&query=%EB%B4%89%EB%A7%8C%EB%8C%80&sm=tab_etc&ie=utf8&key=PeopleService&os=97953
부성철,https://people.search.naver.com/search.naver?where=nexearch&query=%EB%B6%80%EC%84%B1%EC%B2%A0&sm=tab_etc&ie=utf8&key=PeopleService&os=162170
사화경,https://people.search.naver.com/search.naver?where=nexearch&query=%EC%82%AC%ED%99%94%EA%B2%BD&sm=tab_etc&ie=utf8&key=PeopleService&os=110954
서수민,https://people.search.naver.com/search.naver?where=nexearch&query=%EC%84%9C%EC%88%98%EB%AF%BC&sm=tab_etc&ie=utf8&key=PeopleService&os=185993
서정우,https://people.search.naver.com/search.naver?where=nexearch&query=%EC%84%9C%EC%A0%95%EC%9A%B0&sm=tab_etc&ie=utf8&key=PeopleService&os=240636
선우완,https://people.search.naver.com/search.naver?where=nexearch&query=%EC%84%A0%EC%9A%B0%EC%99%84&sm=tab_etc&ie=utf8&key=PeopleService&os=182129
선혜윤,https://people.search.naver.com/search.naver?where=nexearch&query=%EC%84%A0%ED%98%9C%EC%9C%A4&sm=tab_etc&ie=utf8&key=PeopleService&os=118108
성도준,https://people.search.naver.com/search.naver?where=nexearch&query=%EC%84%B1%EB%8F%84%EC%A4%80&sm=tab_etc&ie=utf8&key=PeopleService&os=530891
성준기,https://people.search.naver.com/search.naver?where=nexearch&query=%EC%84%B1%EC%A4%80%EA%B8%B0&sm=tab_etc&ie=utf8&key=PeopleService&os=104580
성준해,https://people.search.naver.com/search.naver?where=nexearch&query=%EC%84%B1%EC%A4%80%ED%95%B4&sm=tab_etc&ie=utf8&key=PeopleService&os=1922728
손문권,https://people.search.naver.com/search.naver?where=nexearch&query=%EC%86%90%EB%AC%B8%EA%B6%8C&sm=tab_etc&ie=utf8&key=PeopleService&os=141623
손재성,https://people.search.naver.com/search.naver?where=nexearch&query=%EC%86%90%EC%9E%AC%EC%84%B1&sm=tab_etc&ie=utf8&key=PeopleService&os=164568
손정현,https://people.search.naver.com/search.naver?where=nexearch&query=%EC%86%90%EC%A0%95%ED%98%84&sm=tab_etc&ie=utf8&key=PeopleService&os=190974
손형석,https://people.search.naver.com/search.naver?where=nexearch&query=%EC%86%90%ED%98%95%EC%84%9D&sm=tab_etc&ie=utf8&key=PeopleService&os=177514
손희창,https://people.search.naver.com/search.naver?where=nexearch&query=%EC%86%90%ED%9D%AC%EC%B0%BD&sm=tab_etc&ie=utf8&key=PeopleService&os=117854
송지원,https://people.search.naver.com/search.naver?where=nexearch&query=%EC%86%A1%EC%A7%80%EC%9B%90&sm=tab_etc&ie=utf8&key=PeopleService&os=285788
송창수,https://people.search.naver.com/search.naver?where=nexearch&query=%EC%86%A1%EC%B0%BD%EC%88%98&sm=tab_etc&ie=utf8&key=PeopleService&os=158277
송현욱,https://people.search.naver.com/search.naver?where=nexearch&query=%EC%86%A1%ED%98%84%EC%9A%B1&sm=tab_etc&ie=utf8&key=PeopleService&os=178198
신경수,https://people.search.naver.com/search.naver?where=nexearch&query=%EC%8B%A0%EA%B2%BD%EC%88%98&sm=tab_etc&ie=utf8&key=PeopleService&os=263693
신수원,https://people.search.naver.com/search.naver?where=nexearch&query=%EC%8B%A0%EC%88%98%EC%9B%90&sm=tab_etc&ie=utf8&key=PeopleService&os=192259
신승우,https://people.search.naver.com/search.naver?where=nexearch&query=%EC%8B%A0%EC%8A%B9%EC%9A%B0&sm=tab_etc&ie=utf8&key=PeopleService&os=480680
신우철,https://people.search.naver.com/search.naver?where=nexearch&query=%EC%8B%A0%EC%9A%B0%EC%B2%A0&sm=tab_etc&ie=utf8&key=PeopleService&os=104586
신원호,https://people.search.naver.com/search.naver?where=nexearch&query=%EC%8B%A0%EC%9B%90%ED%98%B8&sm=tab_etc&ie=utf8&key=PeopleService&os=190631
신윤섭,https://people.search.naver.com/search.naver?where=nexearch&query=%EC%8B%A0%EC%9C%A4%EC%84%AD&sm=tab_etc&ie=utf8&key=PeopleService&os=164562
신창석,https://people.search.naver.com/search.naver?where=nexearch&query=%EC%8B%A0%EC%B0%BD%EC%84%9D&sm=tab_etc&ie=utf8&key=PeopleService&os=104588
신현수,https://people.search.naver.com/search.naver?where=nexearch&query=%EC%8B%A0%ED%98%84%EC%88%98&sm=tab_etc&ie=utf8&key=PeopleService&os=118209
신현창,https://people.search.naver.com/search.naver?where=nexearch&query=%EC%8B%A0%ED%98%84%EC%B0%BD&sm=tab_etc&ie=utf8&key=PeopleService&os=153018
신효정,https://people.search.naver.com/search.naver?where=nexearch&query=%EC%8B%A0%ED%9A%A8%EC%A0%95&sm=tab_etc&ie=utf8&key=PeopleService&os=186147
심재권,https://people.search.naver.com/search.naver?where=nexearch&query=%EC%8B%AC%EC%9E%AC%EA%B6%8C&sm=tab_etc&ie=utf8&key=PeopleService&os=312063
안국진,https://people.search.naver.com/search.naver?where=nexearch&query=%EC%95%88%EA%B5%AD%EC%A7%84&sm=tab_etc&ie=utf8&key=PeopleService&os=218390
안길호,https://people.search.naver.com/search.naver?where=nexearch&query=%EC%95%88%EA%B8%B8%ED%98%B8&sm=tab_etc&ie=utf8&key=PeopleService&os=164569
안성곤,https://people.search.naver.com/search.naver?where=nexearch&query=%EC%95%88%EC%84%B1%EA%B3%A4&sm=tab_etc&ie=utf8&key=PeopleService&os=162069
안성훈,https://people.search.naver.com/search.naver?where=nexearch&query=%EC%95%88%EC%84%B1%ED%9B%88&sm=tab_etc&ie=utf8&key=PeopleService&os=557380
안준영,https://people.search.naver.com/search.naver?where=nexearch&query=%EC%95%88%EC%A4%80%EC%98%81&sm=tab_etc&ie=utf8&key=PeopleService&os=262649
안준용,https://people.search.naver.com/search.naver?where=nexearch&query=%EC%95%88%EC%A4%80%EC%9A%A9&sm=tab_etc&ie=utf8&key=PeopleService&os=650112
안진우,https://people.search.naver.com/search.naver?where=nexearch&query=%EC%95%88%EC%A7%84%EC%9A%B0&sm=tab_etc&ie=utf8&key=PeopleService&os=109228
안판석,https://people.search.naver.com/search.naver?where=nexearch&query=%EC%95%88%ED%8C%90%EC%84%9D&sm=tab_etc&ie=utf8&key=PeopleService&os=104595
양윤호,https://people.search.naver.com/search.naver?where=nexearch&query=%EC%96%91%EC%9C%A4%ED%98%B8&sm=tab_etc&ie=utf8&key=PeopleService&os=105793
어랑경,https://people.search.naver.com/search.naver?where=nexearch&query=%EC%96%B4%EB%9E%91%EA%B2%BD&sm=tab_etc&ie=utf8&key=PeopleService&os=530198
어수선,https://people.search.naver.com/search.naver?where=nexearch&query=%EC%96%B4%EC%88%98%EC%84%A0&sm=tab_etc&ie=utf8&key=PeopleService&os=552844
엄기백,https://people.search.naver.com/search.naver?where=nexearch&query=%EC%97%84%EA%B8%B0%EB%B0%B1&sm=tab_etc&ie=utf8&key=PeopleService&os=179837
여운혁,https://people.search.naver.com/search.naver?where=nexearch&query=%EC%97%AC%EC%9A%B4%ED%98%81&sm=tab_etc&ie=utf8&key=PeopleService&os=105549
여인준,https://people.search.naver.com/search.naver?where=nexearch&query=%EC%97%AC%EC%9D%B8%EC%A4%80&sm=tab_etc&ie=utf8&key=PeopleService&os=277893
오경훈,https://people.search.naver.com/search.naver?where=nexearch&query=%EC%98%A4%EA%B2%BD%ED%9B%88&sm=tab_etc&ie=utf8&key=PeopleService&os=104596
오상원,https://people.search.naver.com/search.naver?where=nexearch&query=%EC%98%A4%EC%83%81%EC%9B%90&sm=tab_etc&ie=utf8&key=PeopleService&os=189683
오세강,https://people.search.naver.com/search.naver?where=nexearch&query=%EC%98%A4%EC%84%B8%EA%B0%95&sm=tab_etc&ie=utf8&key=PeopleService&os=217550
오승열,https://people.search.naver.com/search.naver?where=nexearch&query=%EC%98%A4%EC%8A%B9%EC%97%B4&sm=tab_etc&ie=utf8&key=PeopleService&os=3566537
오원택,https://people.search.naver.com/search.naver?where=nexearch&query=%EC%98%A4%EC%9B%90%ED%83%9D&sm=tab_etc&ie=utf8&key=PeopleService&os=5471712
오종록,https://people.search.naver.com/search.naver?where=nexearch&query=%EC%98%A4%EC%A2%85%EB%A1%9D&sm=tab_etc&ie=utf8&key=PeopleService&os=104607
오진석,https://people.search.naver.com/search.naver?where=nexearch&query=%EC%98%A4%EC%A7%84%EC%84%9D&sm=tab_etc&ie=utf8&key=PeopleService&os=217263
오충환,https://people.search.naver.com/search.naver?where=nexearch&query=%EC%98%A4%EC%B6%A9%ED%99%98&sm=tab_etc&ie=utf8&key=PeopleService&os=567876
오현종,https://people.search.naver.com/search.naver?where=nexearch&query=%EC%98%A4%ED%98%84%EC%A2%85&sm=tab_etc&ie=utf8&key=PeopleService&os=265914
오현창,https://people.search.naver.com/search.naver?where=nexearch&query=%EC%98%A4%ED%98%84%EC%B0%BD&sm=tab_etc&ie=utf8&key=PeopleService&os=104612
운군일,https://people.search.naver.com/search.naver?where=nexearch&query=%EC%9A%B4%EA%B5%B0%EC%9D%BC&sm=tab_etc&ie=utf8&key=PeopleService&os=144538
유선동,https://people.search.naver.com/search.naver?where=nexearch&query=%EC%9C%A0%EC%84%A0%EB%8F%99&sm=tab_etc&ie=utf8&key=PeopleService&os=117772
유수열,https://people.search.naver.com/search.naver?where=nexearch&query=%EC%9C%A0%EC%88%98%EC%97%B4&sm=tab_etc&ie=utf8&key=PeopleService&os=107374
유인식,https://people.search.naver.com/search.naver?where=nexearch&query=%EC%9C%A0%EC%9D%B8%EC%8B%9D&sm=tab_etc&ie=utf8&key=PeopleService&os=178497
유정준,https://people.search.naver.com/search.naver?where=nexearch&query=%EC%9C%A0%EC%A0%95%EC%A4%80&sm=tab_etc&ie=utf8&key=PeopleService&os=104615
유정환,https://people.search.naver.com/search.naver?where=nexearch&query=%EC%9C%A0%EC%A0%95%ED%99%98&sm=tab_etc&ie=utf8&key=PeopleService&os=1859084
유제원,https://people.search.naver.com/search.naver?where=nexearch&query=%EC%9C%A0%EC%A0%9C%EC%9B%90&sm=tab_etc&ie=utf8&key=PeopleService&os=1957290
유종선,https://people.search.naver.com/search.naver?where=nexearch&query=%EC%9C%A0%EC%A2%85%EC%84%A0&sm=tab_etc&ie=utf8&key=PeopleService&os=652872
유철용,https://people.search.naver.com/search.naver?where=nexearch&query=%EC%9C%A0%EC%B2%A0%EC%9A%A9&sm=tab_etc&ie=utf8&key=PeopleService&os=157892
유학찬,https://people.search.naver.com/search.naver?where=nexearch&query=%EC%9C%A0%ED%95%99%EC%B0%AC&sm=tab_etc&ie=utf8&key=PeopleService&os=263994
유현기,https://people.search.naver.com/search.naver?where=nexearch&query=%EC%9C%A0%ED%98%84%EA%B8%B0&sm=tab_etc&ie=utf8&key=PeopleService&os=175956
유호진,https://people.search.naver.com/search.naver?where=nexearch&query=%EC%9C%A0%ED%98%B8%EC%A7%84&sm=tab_etc&ie=utf8&key=PeopleService&os=168252
윤류해,https://people.search.naver.com/search.naver?where=nexearch&query=%EC%9C%A4%EB%A5%98%ED%95%B4&sm=tab_etc&ie=utf8&key=PeopleService&os=148408
윤상호,https://people.search.naver.com/search.naver?where=nexearch&query=%EC%9C%A4%EC%83%81%ED%98%B8&sm=tab_etc&ie=utf8&key=PeopleService&os=109596
윤석호,https://people.search.naver.com/search.naver?where=nexearch&query=%EC%9C%A4%EC%84%9D%ED%98%B8&sm=tab_etc&ie=utf8&key=PeopleService&os=102862
윤성식,https://people.search.naver.com/search.naver?where=nexearch&query=%EC%9C%A4%EC%84%B1%EC%8B%9D&sm=tab_etc&ie=utf8&key=PeopleService&os=263305
윤성호,https://people.search.naver.com/search.naver?where=nexearch&query=%EC%9C%A4%EC%84%B1%ED%98%B8&sm=tab_etc&ie=utf8&key=PeopleService&os=146800
윤여창,https://people.search.naver.com/search.naver?where=nexearch&query=%EC%9C%A4%EC%97%AC%EC%B0%BD&sm=tab_etc&ie=utf8&key=PeopleService&os=739073
윤재문,https://people.search.naver.com/search.naver?where=nexearch&query=%EC%9C%A4%EC%9E%AC%EB%AC%B8&sm=tab_etc&ie=utf8&key=PeopleService&os=123042
윤재순,https://people.search.naver.com/search.naver?where=nexearch&query=%EC%9C%A4%EC%9E%AC%EC%88%9C&sm=tab_etc&ie=utf8&key=PeopleService&os=621847
윤지훈,https://people.search.naver.com/search.naver?where=nexearch&query=%EC%9C%A4%EC%A7%80%ED%9B%88&sm=tab_etc&ie=utf8&key=PeopleService&os=582480
윤창범,https://people.search.naver.com/search.naver?where=nexearch&query=%EC%9C%A4%EC%B0%BD%EB%B2%94&sm=tab_etc&ie=utf8&key=PeopleService&os=141731
이강현,https://people.search.naver.com/search.naver?where=nexearch&query=%EC%9D%B4%EA%B0%95%ED%98%84&sm=tab_etc&ie=utf8&key=PeopleService&os=179739
이강훈,https://people.search.naver.com/search.naver?where=nexearch&query=%EC%9D%B4%EA%B0%95%ED%9B%88&sm=tab_etc&ie=utf8&key=PeopleService&os=175365
이건준,https://people.search.naver.com/search.naver?where=nexearch&query=%EC%9D%B4%EA%B1%B4%EC%A4%80&sm=tab_etc&ie=utf8&key=PeopleService&os=104621
이경미,https://people.search.naver.com/search.naver?where=nexearch&query=%EC%9D%B4%EA%B2%BD%EB%AF%B8&sm=tab_etc&ie=utf8&key=PeopleService&os=158767
이계준,https://people.search.naver.com/search.naver?where=nexearch&query=%EC%9D%B4%EA%B3%84%EC%A4%80&sm=tab_etc&ie=utf8&key=PeopleService&os=489589
이관희,https://people.search.naver.com/search.naver?where=nexearch&query=%EC%9D%B4%EA%B4%80%ED%9D%AC&sm=tab_etc&ie=utf8&key=PeopleService&os=104624
이교욱,https://people.search.naver.com/search.naver?where=nexearch&query=%EC%9D%B4%EA%B5%90%EC%9A%B1&sm=tab_etc&ie=utf8&key=PeopleService&os=104626
이권,https://people.search.naver.com/search.naver?where=nexearch&query=%EC%9D%B4%EA%B6%8C&sm=tab_etc&ie=utf8&key=PeopleService&os=174149
이근욱,https://people.search.naver.com/search.naver?where=nexearch&query=%EC%9D%B4%EA%B7%BC%EC%9A%B1&sm=tab_etc&ie=utf8&key=PeopleService&os=247968
이길복,https://people.search.naver.com/search.naver?where=nexearch&query=%EC%9D%B4%EA%B8%B8%EB%B3%B5&sm=tab_etc&ie=utf8&key=PeopleService&os=243481
이나정,https://people.search.naver.com/search.naver?where=nexearch&query=%EC%9D%B4%EB%82%98%EC%A0%95&sm=tab_etc&ie=utf8&key=PeopleService&os=483383
이대영,https://people.search.naver.com/search.naver?where=nexearch&query=%EC%9D%B4%EB%8C%80%EC%98%81&sm=tab_etc&ie=utf8&key=PeopleService&os=166835
이덕건,https://people.search.naver.com/search.naver?where=nexearch&query=%EC%9D%B4%EB%8D%95%EA%B1%B4&sm=tab_etc&ie=utf8&key=PeopleService&os=118206
이동윤,https://people.search.naver.com/search.naver?where=nexearch&query=%EC%9D%B4%EB%8F%99%EC%9C%A4&sm=tab_etc&ie=utf8&key=PeopleService&os=183868
이동훈,https://people.search.naver.com/search.naver?where=nexearch&query=%EC%9D%B4%EB%8F%99%ED%9B%88&sm=tab_etc&ie=utf8&key=PeopleService&os=178023
이명우,https://people.search.naver.com/search.naver?where=nexearch&query=%EC%9D%B4%EB%AA%85%EC%9A%B0&sm=tab_etc&ie=utf8&key=PeopleService&os=179490
이민수,https://people.search.naver.com/search.naver?where=nexearch&query=%EC%9D%B4%EB%AF%BC%EC%88%98&sm=tab_etc&ie=utf8&key=PeopleService&os=186799
이민수,https://people.search.naver.com/search.naver?where=nexearch&query=%EC%9D%B4%EB%AF%BC%EC%88%98&sm=tab_etc&ie=utf8&key=PeopleService&os=563523
이민우,https://people.search.naver.com/search.naver?where=nexearch&query=%EC%9D%B4%EB%AF%BC%EC%9A%B0&sm=tab_etc&ie=utf8&key=PeopleService&os=233063
이민철,https://people.search.naver.com/search.naver?where=nexearch&query=%EC%9D%B4%EB%AF%BC%EC%B2%A0&sm=tab_etc&ie=utf8&key=PeopleService&os=313196
이민호,https://people.search.naver.com/search.naver?where=nexearch&query=%EC%9D%B4%EB%AF%BC%ED%98%B8&sm=tab_etc&ie=utf8&key=PeopleService&os=190435
이민홍,https://people.search.naver.com/search.naver?where=nexearch&query=%EC%9D%B4%EB%AF%BC%ED%99%8D&sm=tab_etc&ie=utf8&key=PeopleService&os=104628
이병헌,https://people.search.naver.com/search.naver?where=nexearch&query=%EC%9D%B4%EB%B3%91%ED%97%8C&sm=tab_etc&ie=utf8&key=PeopleService&os=586242
이병훈,https://people.search.naver.com/search.naver?where=nexearch&query=%EC%9D%B4%EB%B3%91%ED%9B%88&sm=tab_etc&ie=utf8&key=PeopleService&os=98624
이상엽,https://people.search.naver.com/search.naver?where=nexearch&query=%EC%9D%B4%EC%83%81%EC%97%BD&sm=tab_etc&ie=utf8&key=PeopleService&os=170203
이성주,https://people.search.naver.com/search.naver?where=nexearch&query=%EC%9D%B4%EC%84%B1%EC%A3%BC&sm=tab_etc&ie=utf8&key=PeopleService&os=104631
이성준,https://people.search.naver.com/search.naver?where=nexearch&query=%EC%9D%B4%EC%84%B1%EC%A4%80&sm=tab_etc&ie=utf8&key=PeopleService&os=190733
이소연,https://people.search.naver.com/search.naver?where=nexearch&query=%EC%9D%B4%EC%86%8C%EC%97%B0&sm=tab_etc&ie=utf8&key=PeopleService&os=219104
이순옥,https://people.search.naver.com/search.naver?where=nexearch&query=%EC%9D%B4%EC%88%9C%EC%98%A5&sm=tab_etc&ie=utf8&key=PeopleService&os=177915
이승렬,https://people.search.naver.com/search.naver?where=nexearch&query=%EC%9D%B4%EC%8A%B9%EB%A0%AC&sm=tab_etc&ie=utf8&key=PeopleService&os=104637
이승영,https://people.search.naver.com/search.naver?where=nexearch&query=%EC%9D%B4%EC%8A%B9%EC%98%81&sm=tab_etc&ie=utf8&key=PeopleService&os=557048
이영희,https://people.search.naver.com/search.naver?where=nexearch&query=%EC%9D%B4%EC%98%81%ED%9D%AC&sm=tab_etc&ie=utf8&key=PeopleService&os=178316
이용석,https://people.search.naver.com/search.naver?where=nexearch&query=%EC%9D%B4%EC%9A%A9%EC%84%9D&sm=tab_etc&ie=utf8&key=PeopleService&os=183448
이용해,https://people.search.naver.com/search.naver?where=nexearch&query=%EC%9D%B4%EC%9A%A9%ED%95%B4&sm=tab_etc&ie=utf8&key=PeopleService&os=139869
이원익,https://people.search.naver.com/search.naver?where=nexearch&query=%EC%9D%B4%EC%9B%90%EC%9D%B5&sm=tab_etc&ie=utf8&key=PeopleService&os=208042
이윤정,https://people.search.naver.com/search.naver?where=nexearch&query=%EC%9D%B4%EC%9C%A4%EC%A0%95&sm=tab_etc&ie=utf8&key=PeopleService&os=145533
이은규,https://people.search.naver.com/search.naver?where=nexearch&query=%EC%9D%B4%EC%9D%80%EA%B7%9C&sm=tab_etc&ie=utf8&key=PeopleService&os=153214
이은진,https://people.search.naver.com/search.naver?where=nexearch&query=%EC%9D%B4%EC%9D%80%EC%A7%84&sm=tab_etc&ie=utf8&key=PeopleService&os=188755
이응복,https://people.search.naver.com/search.naver?where=nexearch&query=%EC%9D%B4%EC%9D%91%EB%B3%B5&sm=tab_etc&ie=utf8&key=PeopleService&os=178917
이응진,https://people.search.naver.com/search.naver?where=nexearch&query=%EC%9D%B4%EC%9D%91%EC%A7%84&sm=tab_etc&ie=utf8&key=PeopleService&os=221667
이장수,https://people.search.naver.com/search.naver?where=nexearch&query=%EC%9D%B4%EC%9E%A5%EC%88%98&sm=tab_etc&ie=utf8&key=PeopleService&os=104645
이재갑,https://people.search.naver.com/search.naver?where=nexearch&query=%EC%9D%B4%EC%9E%AC%EA%B0%91&sm=tab_etc&ie=utf8&key=PeopleService&os=118012
이재규,https://people.search.naver.com/search.naver?where=nexearch&query=%EC%9D%B4%EC%9E%AC%EA%B7%9C&sm=tab_etc&ie=utf8&key=PeopleService&os=104650
이재동,https://people.search.naver.com/search.naver?where=nexearch&query=%EC%9D%B4%EC%9E%AC%EB%8F%99&sm=tab_etc&ie=utf8&key=PeopleService&os=243089
이재상,https://people.search.naver.com/search.naver?where=nexearch&query=%EC%9D%B4%EC%9E%AC%EC%83%81&sm=tab_etc&ie=utf8&key=PeopleService&os=153841
이재원,https://people.search.naver.com/search.naver?where=nexearch&query=%EC%9D%B4%EC%9E%AC%EC%9B%90&sm=tab_etc&ie=utf8&key=PeopleService&os=104653
이재진,https://people.search.naver.com/search.naver?where=nexearch&query=%EC%9D%B4%EC%9E%AC%EC%A7%84&sm=tab_etc&ie=utf8&key=PeopleService&os=262749
이재훈,https://people.search.naver.com/search.naver?where=nexearch&query=%EC%9D%B4%EC%9E%AC%ED%9B%88&sm=tab_etc&ie=utf8&key=PeopleService&os=1702812
이정미,https://people.search.naver.com/search.naver?where=nexearch&query=%EC%9D%B4%EC%A0%95%EB%AF%B8&sm=tab_etc&ie=utf8&key=PeopleService&os=14435425
이정민,https://people.search.naver.com/search.naver?where=nexearch&query=%EC%9D%B4%EC%A0%95%EB%AF%BC&sm=tab_etc&ie=utf8&key=PeopleService&os=480719
이정섭,https://people.search.naver.com/search.naver?where=nexearch&query=%EC%9D%B4%EC%A0%95%EC%84%AD&sm=tab_etc&ie=utf8&key=PeopleService&os=156366
이정효,https://people.search.naver.com/search.naver?where=nexearch&query=%EC%9D%B4%EC%A0%95%ED%9A%A8&sm=tab_etc&ie=utf8&key=PeopleService&os=190805
이종수,https://people.search.naver.com/search.naver?where=nexearch&query=%EC%9D%B4%EC%A2%85%EC%88%98&sm=tab_etc&ie=utf8&key=PeopleService&os=104657
이종한,https://people.search.naver.com/search.naver?where=nexearch&query=%EC%9D%B4%EC%A2%85%ED%95%9C&sm=tab_etc&ie=utf8&key=PeopleService&os=119105
이주환,https://people.search.naver.com/search.naver?where=nexearch&query=%EC%9D%B4%EC%A3%BC%ED%99%98&sm=tab_etc&ie=utf8&key=PeopleService&os=127408
이준형,https://people.search.naver.com/search.naver?where=nexearch&query=%EC%9D%B4%EC%A4%80%ED%98%95&sm=tab_etc&ie=utf8&key=PeopleService&os=141153
이지선,https://people.search.naver.com/search.naver?where=nexearch&query=%EC%9D%B4%EC%A7%80%EC%84%A0&sm=tab_etc&ie=utf8&key=PeopleService&os=190602
이진서,https://people.search.naver.com/search.naver?where=nexearch&query=%EC%9D%B4%EC%A7%84%EC%84%9C&sm=tab_etc&ie=utf8&key=PeopleService&os=177977
이창민,https://people.search.naver.com/search.naver?where=nexearch&query=%EC%9D%B4%EC%B0%BD%EB%AF%BC&sm=tab_etc&ie=utf8&key=PeopleService&os=187685
이창한,https://people.search.naver.com/search.naver?where=nexearch&query=%EC%9D%B4%EC%B0%BD%ED%95%9C&sm=tab_etc&ie=utf8&key=PeopleService&os=246707
이창희,https://people.search.naver.com/search.naver?where=nexearch&query=%EC%9D%B4%EC%B0%BD%ED%9D%AC&sm=tab_etc&ie=utf8&key=PeopleService&os=239611
이철하,https://people.search.naver.com/search.naver?where=nexearch&query=%EC%9D%B4%EC%B2%A0%ED%95%98&sm=tab_etc&ie=utf8&key=PeopleService&os=136653
이태곤,https://people.search.naver.com/search.naver?where=nexearch&query=%EC%9D%B4%ED%83%9C%EA%B3%A4&sm=tab_etc&ie=utf8&key=PeopleService&os=95562
이현주,https://people.search.naver.com/search.naver?where=nexearch&query=%EC%9D%B4%ED%98%84%EC%A3%BC&sm=tab_etc&ie=utf8&key=PeopleService&os=552250
이현직,https://people.search.naver.com/search.naver?where=nexearch&query=%EC%9D%B4%ED%98%84%EC%A7%81&sm=tab_etc&ie=utf8&key=PeopleService&os=104675
이형민,https://people.search.naver.com/search.naver?where=nexearch&query=%EC%9D%B4%ED%98%95%EB%AF%BC&sm=tab_etc&ie=utf8&key=PeopleService&os=137075
이형선,https://people.search.naver.com/search.naver?where=nexearch&query=%EC%9D%B4%ED%98%95%EC%84%A0&sm=tab_etc&ie=utf8&key=PeopleService&os=134543
이호,https://people.search.naver.com/search.naver?where=nexearch&query=%EC%9D%B4%ED%98%B8&sm=tab_etc&ie=utf8&key=PeopleService&os=918895
임경수,https://people.search.naver.com/search.naver?where=nexearch&query=%EC%9E%84%EA%B2%BD%EC%88%98&sm=tab_etc&ie=utf8&key=PeopleService&os=117833
임대웅,https://people.search.naver.com/search.naver?where=nexearch&query=%EC%9E%84%EB%8C%80%EC%9B%85&sm=tab_etc&ie=utf8&key=PeopleService&os=123213
임세준,https://people.search.naver.com/search.naver?where=nexearch&query=%EC%9E%84%EC%84%B8%EC%A4%80&sm=tab_etc&ie=utf8&key=PeopleService&os=3521298
임은,https://people.search.naver.com/search.naver?where=nexearch&query=%EC%9E%84%EC%9D%80&sm=tab_etc&ie=utf8&key=PeopleService&os=223993
임정아,https://people.search.naver.com/search.naver?where=nexearch&query=%EC%9E%84%EC%A0%95%EC%95%84&sm=tab_etc&ie=utf8&key=PeopleService&os=161065
임태우,https://people.search.naver.com/search.naver?where=nexearch&query=%EC%9E%84%ED%83%9C%EC%9A%B0&sm=tab_etc&ie=utf8&key=PeopleService&os=104677
임현욱,https://people.search.naver.com/search.naver?where=nexearch&query=%EC%9E%84%ED%98%84%EC%9A%B1&sm=tab_etc&ie=utf8&key=PeopleService&os=480338
임화민,https://people.search.naver.com/search.naver?where=nexearch&query=%EC%9E%84%ED%99%94%EB%AF%BC&sm=tab_etc&ie=utf8&key=PeopleService&os=106966
장근수,https://people.search.naver.com/search.naver?where=nexearch&query=%EC%9E%A5%EA%B7%BC%EC%88%98&sm=tab_etc&ie=utf8&key=PeopleService&os=108956
장두익,https://people.search.naver.com/search.naver?where=nexearch&query=%EC%9E%A5%EB%91%90%EC%9D%B5&sm=tab_etc&ie=utf8&key=PeopleService&os=104678
장수봉,https://people.search.naver.com/search.naver?where=nexearch&query=%EC%9E%A5%EC%88%98%EB%B4%89&sm=tab_etc&ie=utf8&key=PeopleService&os=181962
장영우,https://people.search.naver.com/search.naver?where=nexearch&query=%EC%9E%A5%EC%98%81%EC%9A%B0&sm=tab_etc&ie=utf8&key=PeopleService&os=317167
장용우,https://people.search.naver.com/search.naver?where=nexearch&query=%EC%9E%A5%EC%9A%A9%EC%9A%B0&sm=tab_etc&ie=utf8&key=PeopleService&os=182873
장의순,https://people.search.naver.com/search.naver?where=nexearch&query=%EC%9E%A5%EC%9D%98%EC%88%9C&sm=tab_etc&ie=utf8&key=PeopleService&os=315737
장준호,https://people.search.naver.com/search.naver?where=nexearch&query=%EC%9E%A5%EC%A4%80%ED%98%B8&sm=tab_etc&ie=utf8&key=PeopleService&os=563517
장태유,https://people.search.naver.com/search.naver?where=nexearch&query=%EC%9E%A5%ED%83%9C%EC%9C%A0&sm=tab_etc&ie=utf8&key=PeopleService&os=144090
장형일,https://people.search.naver.com/search.naver?where=nexearch&query=%EC%9E%A5%ED%98%95%EC%9D%BC&sm=tab_etc&ie=utf8&key=PeopleService&os=187862
전기상,https://people.search.naver.com/search.naver?where=nexearch&query=%EC%A0%84%EA%B8%B0%EC%83%81&sm=tab_etc&ie=utf8&key=PeopleService&os=118216
전산,https://people.search.naver.com/search.naver?where=nexearch&query=%EC%A0%84%EC%82%B0&sm=tab_etc&ie=utf8&key=PeopleService&os=175138
전성홍,https://people.search.naver.com/search.naver?where=nexearch&query=%EC%A0%84%EC%84%B1%ED%99%8D&sm=tab_etc&ie=utf8&key=PeopleService&os=313825
전우성,https://people.search.naver.com/search.naver?where=nexearch&query=%EC%A0%84%EC%9A%B0%EC%84%B1&sm=tab_etc&ie=utf8&key=PeopleService&os=178918
전진수,https://people.search.naver.com/search.naver?where=nexearch&query=%EC%A0%84%EC%A7%84%EC%88%98&sm=tab_etc&ie=utf8&key=PeopleService&os=118111
전창근,https://people.search.naver.com/search.naver?where=nexearch&query=%EC%A0%84%EC%B0%BD%EA%B7%BC&sm=tab_etc&ie=utf8&key=PeopleService&os=165318
정길영,https://people.search.naver.com/search.naver?where=nexearch&query=%EC%A0%95%EA%B8%B8%EC%98%81&sm=tab_etc&ie=utf8&key=PeopleService&os=146971
정대윤,https://people.search.naver.com/search.naver?where=nexearch&query=%EC%A0%95%EB%8C%80%EC%9C%A4&sm=tab_etc&ie=utf8&key=PeopleService&os=243726
정성효,https://people.search.naver.com/search.naver?where=nexearch&query=%EC%A0%95%EC%84%B1%ED%9A%A8&sm=tab_etc&ie=utf8&key=PeopleService&os=104692
정세호,https://people.search.naver.com/search.naver?where=nexearch&query=%EC%A0%95%EC%84%B8%ED%98%B8&sm=tab_etc&ie=utf8&key=PeopleService&os=121738
정유신,https://people.search.naver.com/search.naver?where=nexearch&query=%EC%A0%95%EC%9C%A0%EC%8B%A0&sm=tab_etc&ie=utf8&key=PeopleService&os=285611
정을영,https://people.search.naver.com/search.naver?where=nexearch&query=%EC%A0%95%EC%9D%84%EC%98%81&sm=tab_etc&ie=utf8&key=PeopleService&os=104694
정재은,https://people.search.naver.com/search.naver?where=nexearch&query=%EC%A0%95%EC%9E%AC%EC%9D%80&sm=tab_etc&ie=utf8&key=PeopleService&os=100146
정정화,https://people.search.naver.com/search.naver?where=nexearch&query=%EC%A0%95%EC%A0%95%ED%99%94&sm=tab_etc&ie=utf8&key=PeopleService&os=161527
정지인,https://people.search.naver.com/search.naver?where=nexearch&query=%EC%A0%95%EC%A7%80%EC%9D%B8&sm=tab_etc&ie=utf8&key=PeopleService&os=262748
정창영,https://people.search.naver.com/search.naver?where=nexearch&query=%EC%A0%95%EC%B0%BD%EC%98%81&sm=tab_etc&ie=utf8&key=PeopleService&os=181346
정초신,https://people.search.naver.com/search.naver?where=nexearch&query=%EC%A0%95%EC%B4%88%EC%8B%A0&sm=tab_etc&ie=utf8&key=PeopleService&os=105756
정해룡,https://people.search.naver.com/search.naver?where=nexearch&query=%EC%A0%95%ED%95%B4%EB%A3%A1&sm=tab_etc&ie=utf8&key=PeopleService&os=115764
정헌수,https://people.search.naver.com/search.naver?where=nexearch&query=%EC%A0%95%ED%97%8C%EC%88%98&sm=tab_etc&ie=utf8&key=PeopleService&os=8954111
정환석,https://people.search.naver.com/search.naver?where=nexearch&query=%EC%A0%95%ED%99%98%EC%84%9D&sm=tab_etc&ie=utf8&key=PeopleService&os=183440
정효,https://people.search.naver.com/search.naver?where=nexearch&query=%EC%A0%95%ED%9A%A8&sm=tab_etc&ie=utf8&key=PeopleService&os=178665
정효영,https://people.search.naver.com/search.naver?where=nexearch&query=%EC%A0%95%ED%9A%A8%EC%98%81&sm=tab_etc&ie=utf8&key=PeopleService&os=633822
정흠문,https://people.search.naver.com/search.naver?where=nexearch&query=%EC%A0%95%ED%9D%A0%EB%AC%B8&sm=tab_etc&ie=utf8&key=PeopleService&os=141316
정흥순,https://people.search.naver.com/search.naver?where=nexearch&query=%EC%A0%95%ED%9D%A5%EC%88%9C&sm=tab_etc&ie=utf8&key=PeopleService&os=109460
조나은,https://people.search.naver.com/search.naver?where=nexearch&query=%EC%A1%B0%EB%82%98%EC%9D%80&sm=tab_etc&ie=utf8&key=PeopleService&os=1706082
조남국,https://people.search.naver.com/search.naver?where=nexearch&query=%EC%A1%B0%EB%82%A8%EA%B5%AD&sm=tab_etc&ie=utf8&key=PeopleService&os=107381
조수원,https://people.search.naver.com/search.naver?where=nexearch&query=%EC%A1%B0%EC%88%98%EC%9B%90&sm=tab_etc&ie=utf8&key=PeopleService&os=191358
조영광,https://people.search.naver.com/search.naver?where=nexearch&query=%EC%A1%B0%EC%98%81%EA%B4%91&sm=tab_etc&ie=utf8&key=PeopleService&os=214753
조영민,https://people.search.naver.com/search.naver?where=nexearch&query=%EC%A1%B0%EC%98%81%EB%AF%BC&sm=tab_etc&ie=utf8&key=PeopleService&os=16885808
조제욱,https://people.search.naver.com/search.naver?where=nexearch&query=%EC%A1%B0%EC%A0%9C%EC%9A%B1&sm=tab_etc&ie=utf8&key=PeopleService&os=1905290
조준희,https://people.search.naver.com/search.naver?where=nexearch&query=%EC%A1%B0%EC%A4%80%ED%9D%AC&sm=tab_etc&ie=utf8&key=PeopleService&os=178625
조찬주,https://people.search.naver.com/search.naver?where=nexearch&query=%EC%A1%B0%EC%B0%AC%EC%A3%BC&sm=tab_etc&ie=utf8&key=PeopleService&os=190227
조현탁,https://people.search.naver.com/search.naver?where=nexearch&query=%EC%A1%B0%ED%98%84%ED%83%81&sm=tab_etc&ie=utf8&key=PeopleService&os=318429
주동민,https://people.search.naver.com/search.naver?where=nexearch&query=%EC%A3%BC%EB%8F%99%EB%AF%BC&sm=tab_etc&ie=utf8&key=PeopleService&os=189115
주성우,https://people.search.naver.com/search.naver?where=nexearch&query=%EC%A3%BC%EC%84%B1%EC%9A%B0&sm=tab_etc&ie=utf8&key=PeopleService&os=178814
지병현,https://people.search.naver.com/search.naver?where=nexearch&query=%EC%A7%80%EB%B3%91%ED%98%84&sm=tab_etc&ie=utf8&key=PeopleService&os=190565
지영수,https://people.search.naver.com/search.naver?where=nexearch&query=%EC%A7%80%EC%98%81%EC%88%98&sm=tab_etc&ie=utf8&key=PeopleService&os=104714
진혁,https://people.search.naver.com/search.naver?where=nexearch&query=%EC%A7%84%ED%98%81&sm=tab_etc&ie=utf8&key=PeopleService&os=164142
진형욱,https://people.search.naver.com/search.naver?where=nexearch&query=%EC%A7%84%ED%98%95%EC%9A%B1&sm=tab_etc&ie=utf8&key=PeopleService&os=190822
차영훈,https://people.search.naver.com/search.naver?where=nexearch&query=%EC%B0%A8%EC%98%81%ED%9B%88&sm=tab_etc&ie=utf8&key=PeopleService&os=317990
차은택,https://people.search.naver.com/search.naver?where=nexearch&query=%EC%B0%A8%EC%9D%80%ED%83%9D&sm=tab_etc&ie=utf8&key=PeopleService&os=104603
차태현,https://people.search.naver.com/search.naver?where=nexearch&query=%EC%B0%A8%ED%83%9C%ED%98%84&sm=tab_etc&ie=utf8&key=PeopleService&os=95054
최규식,https://people.search.naver.com/search.naver?where=nexearch&query=%EC%B5%9C%EA%B7%9C%EC%8B%9D&sm=tab_etc&ie=utf8&key=PeopleService&os=174297
최도훈,https://people.search.naver.com/search.naver?where=nexearch&query=%EC%B5%9C%EB%8F%84%ED%9B%88&sm=tab_etc&ie=utf8&key=PeopleService&os=247306
최문석,https://people.search.naver.com/search.naver?where=nexearch&query=%EC%B5%9C%EB%AC%B8%EC%84%9D&sm=tab_etc&ie=utf8&key=PeopleService&os=104718
최병길,https://people.search.naver.com/search.naver?where=nexearch&query=%EC%B5%9C%EB%B3%91%EA%B8%B8&sm=tab_etc&ie=utf8&key=PeopleService&os=176889
최성범,https://people.search.naver.com/search.naver?where=nexearch&query=%EC%B5%9C%EC%84%B1%EB%B2%94&sm=tab_etc&ie=utf8&key=PeopleService&os=286002
최순용,https://people.search.naver.com/search.naver?where=nexearch&query=%EC%B5%9C%EC%88%9C%EC%9A%A9&sm=tab_etc&ie=utf8&key=PeopleService&os=309689
최영훈,https://people.search.naver.com/search.naver?where=nexearch&query=%EC%B5%9C%EC%98%81%ED%9B%88&sm=tab_etc&ie=utf8&key=PeopleService&os=178061
최용원,https://people.search.naver.com/search.naver?where=nexearch&query=%EC%B5%9C%EC%9A%A9%EC%9B%90&sm=tab_etc&ie=utf8&key=PeopleService&os=530152
최원석,https://people.search.naver.com/search.naver?where=nexearch&query=%EC%B5%9C%EC%9B%90%EC%84%9D&sm=tab_etc&ie=utf8&key=PeopleService&os=221425
최은경,https://people.search.naver.com/search.naver?where=nexearch&query=%EC%B5%9C%EC%9D%80%EA%B2%BD&sm=tab_etc&ie=utf8&key=PeopleService&os=213814
최이섭,https://people.search.naver.com/search.naver?where=nexearch&query=%EC%B5%9C%EC%9D%B4%EC%84%AD&sm=tab_etc&ie=utf8&key=PeopleService&os=108961
최정규,https://people.search.naver.com/search.naver?where=nexearch&query=%EC%B5%9C%EC%A0%95%EA%B7%9C&sm=tab_etc&ie=utf8&key=PeopleService&os=475105
최종수,https://people.search.naver.com/search.naver?where=nexearch&query=%EC%B5%9C%EC%A2%85%EC%88%98&sm=tab_etc&ie=utf8&key=PeopleService&os=179086
최준배,https://people.search.naver.com/search.naver?where=nexearch&query=%EC%B5%9C%EC%A4%80%EB%B0%B0&sm=tab_etc&ie=utf8&key=PeopleService&os=262746
최지영,https://people.search.naver.com/search.naver?where=nexearch&query=%EC%B5%9C%EC%A7%80%EC%98%81&sm=tab_etc&ie=utf8&key=PeopleService&os=550114
최창욱,https://people.search.naver.com/search.naver?where=nexearch&query=%EC%B5%9C%EC%B0%BD%EC%9A%B1&sm=tab_etc&ie=utf8&key=PeopleService&os=118069
최행호,https://people.search.naver.com/search.naver?where=nexearch&query=%EC%B5%9C%ED%96%89%ED%98%B8&sm=tab_etc&ie=utf8&key=PeopleService&os=216861
표민수,https://people.search.naver.com/search.naver?where=nexearch&query=%ED%91%9C%EB%AF%BC%EC%88%98&sm=tab_etc&ie=utf8&key=PeopleService&os=104726
하병훈,https://people.search.naver.com/search.naver?where=nexearch&query=%ED%95%98%EB%B3%91%ED%9B%88&sm=tab_etc&ie=utf8&key=PeopleService&os=480678
한상우,https://people.search.naver.com/search.naver?where=nexearch&query=%ED%95%9C%EC%83%81%EC%9A%B0&sm=tab_etc&ie=utf8&key=PeopleService&os=314275
한상재,https://people.search.naver.com/search.naver?where=nexearch&query=%ED%95%9C%EC%83%81%EC%9E%AC&sm=tab_etc&ie=utf8&key=PeopleService&os=219962
한정환,https://people.search.naver.com/search.naver?where=nexearch&query=%ED%95%9C%EC%A0%95%ED%99%98&sm=tab_etc&ie=utf8&key=PeopleService&os=179043
한정희,https://people.search.naver.com/search.naver?where=nexearch&query=%ED%95%9C%EC%A0%95%ED%9D%AC&sm=tab_etc&ie=utf8&key=PeopleService&os=100604
한주석,https://people.search.naver.com/search.naver?where=nexearch&query=%ED%95%9C%EC%A3%BC%EC%84%9D&sm=tab_etc&ie=utf8&key=PeopleService&os=2937778
한준서,https://people.search.naver.com/search.naver?where=nexearch&query=%ED%95%9C%EC%A4%80%EC%84%9C&sm=tab_etc&ie=utf8&key=PeopleService&os=155244
한지승,https://people.search.naver.com/search.naver?where=nexearch&query=%ED%95%9C%EC%A7%80%EC%8A%B9&sm=tab_etc&ie=utf8&key=PeopleService&os=109231
한철경,https://people.search.naver.com/search.naver?where=nexearch&query=%ED%95%9C%EC%B2%A0%EA%B2%BD&sm=tab_etc&ie=utf8&key=PeopleService&os=180627
한철수,https://people.search.naver.com/search.naver?where=nexearch&query=%ED%95%9C%EC%B2%A0%EC%88%98&sm=tab_etc&ie=utf8&key=PeopleService&os=191061
한현희,https://people.search.naver.com/search.naver?where=nexearch&query=%ED%95%9C%ED%98%84%ED%9D%AC&sm=tab_etc&ie=utf8&key=PeopleService&os=9657118
한희,https://people.search.naver.com/search.naver?where=nexearch&query=%ED%95%9C%ED%9D%AC&sm=tab_etc&ie=utf8&key=PeopleService&os=104735
함영훈,https://people.search.naver.com/search.naver?where=nexearch&query=%ED%95%A8%EC%98%81%ED%9B%88&sm=tab_etc&ie=utf8&key=PeopleService&os=312599
홍석구,https://people.search.naver.com/search.naver?where=nexearch&query=%ED%99%8D%EC%84%9D%EA%B5%AC&sm=tab_etc&ie=utf8&key=PeopleService&os=182606
홍성덕,https://people.search.naver.com/search.naver?where=nexearch&query=%ED%99%8D%EC%84%B1%EB%8D%95&sm=tab_etc&ie=utf8&key=PeopleService&os=264588
홍성창,https://people.search.naver.com/search.naver?where=nexearch&query=%ED%99%8D%EC%84%B1%EC%B0%BD&sm=tab_etc&ie=utf8&key=PeopleService&os=186593
홍종찬,https://people.search.naver.com/search.naver?where=nexearch&query=%ED%99%8D%EC%A2%85%EC%B0%AC&sm=tab_etc&ie=utf8&key=PeopleService&os=312681
홍창욱,https://people.search.naver.com/search.naver?where=nexearch&query=%ED%99%8D%EC%B0%BD%EC%9A%B1&sm=tab_etc&ie=utf8&key=PeopleService&os=259503
황교진,https://people.search.naver.com/search.naver?where=nexearch&query=%ED%99%A9%EA%B5%90%EC%A7%84&sm=tab_etc&ie=utf8&key=PeopleService&os=184347
황의경,https://people.search.naver.com/search.naver?where=nexearch&query=%ED%99%A9%EC%9D%98%EA%B2%BD&sm=tab_etc&ie=utf8&key=PeopleService&os=169269
황인뢰,https://people.search.naver.com/search.naver?where=nexearch&query=%ED%99%A9%EC%9D%B8%EB%A2%B0&sm=tab_etc&ie=utf8&key=PeopleService&os=118725
황인혁,https://people.search.naver.com/search.naver?where=nexearch&query=%ED%99%A9%EC%9D%B8%ED%98%81&sm=tab_etc&ie=utf8&key=PeopleService&os=190483
황준혁,https://people.search.naver.com/search.naver?where=nexearch&query=%ED%99%A9%EC%A4%80%ED%98%81&sm=tab_etc&ie=utf8&key=PeopleService&os=1709029
황찬희,https://people.search.naver.com/search.naver?where=nexearch&query=%ED%99%A9%EC%B0%AC%ED%9D%AC&sm=tab_etc&ie=utf8&key=PeopleService&os=1905285
