가성진,https://people.search.naver.com/search.naver?where=nexearch&query=%EA%B0%80%EC%84%B1%EC%A7%84&sm=tab_etc&ie=utf8&key=PeopleService&os=2504982
강성진,https://people.search.naver.com/search.naver?where=nexearch&query=%EA%B0%95%EC%84%B1%EC%A7%84&sm=tab_etc&ie=utf8&key=PeopleService&os=174157
강윤경,https://people.search.naver.com/search.naver?where=nexearch&query=%EA%B0%95%EC%9C%A4%EA%B2%BD&sm=tab_etc&ie=utf8&key=PeopleService&os=179045
강은경,https://people.search.naver.com/search.naver?where=nexearch&query=%EA%B0%95%EC%9D%80%EA%B2%BD&sm=tab_etc&ie=utf8&key=PeopleService&os=183671
고봉황,https://people.search.naver.com/search.naver?where=nexearch&query=%EA%B3%A0%EB%B4%89%ED%99%A9&sm=tab_etc&ie=utf8&key=PeopleService&os=208059
고윤희,https://people.search.naver.com/search.naver?where=nexearch&query=%EA%B3%A0%EC%9C%A4%ED%9D%AC&sm=tab_etc&ie=utf8&key=PeopleService&os=109109
고은님,https://people.search.naver.com/search.naver?where=nexearch&query=%EA%B3%A0%EC%9D%80%EB%8B%98&sm=tab_etc&ie=utf8&key=PeopleService&os=137052
고정원,https://people.search.naver.com/search.naver?where=nexearch&query=%EA%B3%A0%EC%A0%95%EC%9B%90&sm=tab_etc&ie=utf8&key=PeopleService&os=183872
곽경윤,https://people.search.naver.com/search.naver?where=nexearch&query=%EA%B3%BD%EA%B2%BD%EC%9C%A4&sm=tab_etc&ie=utf8&key=PeopleService&os=308607
곽경택,https://people.search.naver.com/search.naver?where=nexearch&query=%EA%B3%BD%EA%B2%BD%ED%83%9D&sm=tab_etc&ie=utf8&key=PeopleService&os=97519
곽인행,https://people.search.naver.com/search.naver?where=nexearch&query=%EA%B3%BD%EC%9D%B8%ED%96%89&sm=tab_etc&ie=utf8&key=PeopleService&os=218816
구동회,https://people.search.naver.com/search.naver?where=nexearch&query=%EA%B5%AC%EB%8F%99%ED%9A%8C&sm=tab_etc&ie=utf8&key=PeopleService&os=191989
구선경,https://people.search.naver.com/search.naver?where=nexearch&query=%EA%B5%AC%EC%84%A0%EA%B2%BD&sm=tab_etc&ie=utf8&key=PeopleService&os=178246
구현숙,https://people.search.naver.com/search.naver?where=nexearch&query=%EA%B5%AC%ED%98%84%EC%88%99&sm=tab_etc&ie=utf8&key=PeopleService&os=219269
권기경,https://people.search.naver.com/search.naver?where=nexearch&query=%EA%B6%8C%EA%B8%B0%EA%B2%BD&sm=tab_etc&ie=utf8&key=PeopleService&os=2021119
권기영,https://people.search.naver.com/search.naver?where=nexearch&query=%EA%B6%8C%EA%B8%B0%EC%98%81&sm=tab_etc&ie=utf8&key=PeopleService&os=183233
권민수,https://people.search.naver.com/search.naver?where=nexearch&query=%EA%B6%8C%EB%AF%BC%EC%88%98&sm=tab_etc&ie=utf8&key=PeopleService&os=179838
권소라,https://people.search.naver.com/search.naver?where=nexearch&query=%EA%B6%8C%EC%86%8C%EB%9D%BC&sm=tab_etc&ie=utf8&key=PeopleService&os=481626
권소연,https://people.search.naver.com/search.naver?where=nexearch&query=%EA%B6%8C%EC%86%8C%EC%97%B0&sm=tab_etc&ie=utf8&key=PeopleService&os=141317
권순규,https://people.search.naver.com/search.naver?where=nexearch&query=%EA%B6%8C%EC%88%9C%EA%B7%9C&sm=tab_etc&ie=utf8&key=PeopleService&os=128552
권음미,https://people.search.naver.com/search.naver?where=nexearch&query=%EA%B6%8C%EC%9D%8C%EB%AF%B8&sm=tab_etc&ie=utf8&key=PeopleService&os=213686
권인찬,https://people.search.naver.com/search.naver?where=nexearch&query=%EA%B6%8C%EC%9D%B8%EC%B0%AC&sm=tab_etc&ie=utf8&key=PeopleService&os=178411
권혜주,https://people.search.naver.com/search.naver?where=nexearch&query=%EA%B6%8C%ED%98%9C%EC%A3%BC&sm=tab_etc&ie=utf8&key=PeopleService&os=6491746
김경세,https://people.search.naver.com/search.naver?where=nexearch&query=%EA%B9%80%EA%B2%BD%EC%84%B8&sm=tab_etc&ie=utf8&key=PeopleService&os=577855
김경희,https://people.search.naver.com/search.naver?where=nexearch&query=%EA%B9%80%EA%B2%BD%ED%9D%AC&sm=tab_etc&ie=utf8&key=PeopleService&os=161042
김규완,https://people.search.naver.com/search.naver?where=nexearch&query=%EA%B9%80%EA%B7%9C%EC%99%84&sm=tab_etc&ie=utf8&key=PeopleService&os=122717
김균태,https://people.search.naver.com/search.naver?where=nexearch&query=%EA%B9%80%EA%B7%A0%ED%83%9C&sm=tab_etc&ie=utf8&key=PeopleService&os=178815
김기호,https://people.search.naver.com/search.naver?where=nexearch&query=%EA%B9%80%EA%B8%B0%ED%98%B8&sm=tab_etc&ie=utf8&key=PeopleService&os=554597
김기호,https://people.search.naver.com/search.naver?where=nexearch&query=%EA%B9%80%EA%B8%B0%ED%98%B8&sm=tab_etc&ie=utf8&key=PeopleService&os=96835
김도우,https://people.search.naver.com/search.naver?where=nexearch&query=%EA%B9%80%EB%8F%84%EC%9A%B0&sm=tab_etc&ie=utf8&key=PeopleService&os=110761
김도현,https://people.search.naver.com/search.naver?where=nexearch&query=%EA%B9%80%EB%8F%84%ED%98%84&sm=tab_etc&ie=utf8&key=PeopleService&os=264847
김두삼,https://people.search.naver.com/search.naver?where=nexearch&query=%EA%B9%80%EB%91%90%EC%82%BC&sm=tab_etc&ie=utf8&key=PeopleService&os=104467
김미윤,https://people.search.naver.com/search.naver?where=nexearch&query=%EA%B9%80%EB%AF%B8%EC%9C%A4&sm=tab_etc&ie=utf8&key=PeopleService&os=308587
김미정,https://people.search.naver.com/search.naver?where=nexearch&query=%EA%B9%80%EB%AF%B8%EC%A0%95&sm=tab_etc&ie=utf8&key=PeopleService&os=1961491
김민정,https://people.search.naver.com/search.naver?where=nexearch&query=%EA%B9%80%EB%AF%BC%EC%A0%95&sm=tab_etc&ie=utf8&key=PeopleService&os=641046
김민주,https://people.search.naver.com/search.naver?where=nexearch&query=%EA%B9%80%EB%AF%BC%EC%A3%BC&sm=tab_etc&ie=utf8&key=PeopleService&os=552009
김바다,https://people.search.naver.com/search.naver?where=nexearch&query=%EA%B9%80%EB%B0%94%EB%8B%A4&sm=tab_etc&ie=utf8&key=PeopleService&os=481629
김보연,https://people.search.naver.com/search.naver?where=nexearch&query=%EA%B9%80%EB%B3%B4%EC%97%B0&sm=tab_etc&ie=utf8&key=PeopleService&os=270916
김사경,https://people.search.naver.com/search.naver?where=nexearch&query=%EA%B9%80%EC%82%AC%EA%B2%BD&sm=tab_etc&ie=utf8&key=PeopleService&os=218873
김석곤,https://people.search.naver.com/search.naver?where=nexearch&query=%EA%B9%80%EC%84%9D%EA%B3%A4&sm=tab_etc&ie=utf8&key=PeopleService&os=550281
김선영,https://people.search.naver.com/search.naver?where=nexearch&query=%EA%B9%80%EC%84%A0%EC%98%81&sm=tab_etc&ie=utf8&key=PeopleService&os=215743
김선영,https://people.search.naver.com/search.naver?where=nexearch&query=%EA%B9%80%EC%84%A0%EC%98%81&sm=tab_etc&ie=utf8&key=PeopleService&os=215743
김솔지,https://people.search.naver.com/search.naver?where=nexearch&query=%EA%B9%80%EC%86%94%EC%A7%80&sm=tab_etc&ie=utf8&key=PeopleService&os=309139
김수용,https://people.search.naver.com/search.naver?where=nexearch&query=%EA%B9%80%EC%88%98%EC%9A%A9&sm=tab_etc&ie=utf8&key=PeopleService&os=113738
김수진,https://people.search.naver.com/search.naver?where=nexearch&query=%EA%B9%80%EC%88%98%EC%A7%84&sm=tab_etc&ie=utf8&key=PeopleService&os=6651613
김수현,https://people.search.naver.com/search.naver?where=nexearch&query=%EA%B9%80%EC%88%98%ED%98%84&sm=tab_etc&ie=utf8&key=PeopleService&os=97402
김순옥,https://people.search.naver.com/search.naver?where=nexearch&query=%EA%B9%80%EC%88%9C%EC%98%A5&sm=tab_etc&ie=utf8&key=PeopleService&os=163004
김신혜,https://people.search.naver.com/search.naver?where=nexearch&query=%EA%B9%80%EC%8B%A0%ED%98%9C&sm=tab_etc&ie=utf8&key=PeopleService&os=309761
김연신,https://people.search.naver.com/search.naver?where=nexearch&query=%EA%B9%80%EC%97%B0%EC%8B%A0&sm=tab_etc&ie=utf8&key=PeopleService&os=644277
김영영,https://people.search.naver.com/search.naver?where=nexearch&query=%EA%B9%80%EC%98%81%EC%98%81&sm=tab_etc&ie=utf8&key=PeopleService&os=10230324
김영인,https://people.search.naver.com/search.naver?where=nexearch&query=%EA%B9%80%EC%98%81%EC%9D%B8&sm=tab_etc&ie=utf8&key=PeopleService&os=187607
김영현,https://people.search.naver.com/search.naver?where=nexearch&query=%EA%B9%80%EC%98%81%ED%98%84&sm=tab_etc&ie=utf8&key=PeopleService&os=112183
김예리,https://people.search.naver.com/search.naver?where=nexearch&query=%EA%B9%80%EC%98%88%EB%A6%AC&sm=tab_etc&ie=utf8&key=PeopleService&os=220033
김용래,https://people.search.naver.com/search.naver?where=nexearch&query=%EA%B9%80%EC%9A%A9%EB%9E%98&sm=tab_etc&ie=utf8&key=PeopleService&os=178629
김욱,https://people.search.naver.com/search.naver?where=nexearch&query=%EA%B9%80%EC%9A%B1&sm=tab_etc&ie=utf8&key=PeopleService&os=243259
김운경,https://people.search.naver.com/search.naver?where=nexearch&query=%EA%B9%80%EC%9A%B4%EA%B2%BD&sm=tab_etc&ie=utf8&key=PeopleService&os=106073
김원석,https://people.search.naver.com/search.naver?where=nexearch&query=%EA%B9%80%EC%9B%90%EC%84%9D&sm=tab_etc&ie=utf8&key=PeopleService&os=171246
김윤영,https://people.search.naver.com/search.naver?where=nexearch&query=%EA%B9%80%EC%9C%A4%EC%98%81&sm=tab_etc&ie=utf8&key=PeopleService&os=179741
김윤정,https://people.search.naver.com/search.naver?where=nexearch&query=%EA%B9%80%EC%9C%A4%EC%A0%95&sm=tab_etc&ie=utf8&key=PeopleService&os=181603
김윤정,https://people.search.naver.com/search.naver?where=nexearch&query=%EA%B9%80%EC%9C%A4%EC%A0%95&sm=tab_etc&ie=utf8&key=PeopleService&os=640593
김윤주,https://people.search.naver.com/search.naver?where=nexearch&query=%EA%B9%80%EC%9C%A4%EC%A3%BC&sm=tab_etc&ie=utf8&key=PeopleService&os=318375
김윤희,https://people.search.naver.com/search.naver?where=nexearch&query=%EA%B9%80%EC%9C%A4%ED%9D%AC&sm=tab_etc&ie=utf8&key=PeopleService&os=209138
김은숙,https://people.search.naver.com/search.naver?where=nexearch&query=%EA%B9%80%EC%9D%80%EC%88%99&sm=tab_etc&ie=utf8&key=PeopleService&os=108822
김은정,https://people.search.naver.com/search.naver?where=nexearch&query=%EA%B9%80%EC%9D%80%EC%A0%95&sm=tab_etc&ie=utf8&key=PeopleService&os=122449
김은희,https://people.search.naver.com/search.naver?where=nexearch&query=%EA%B9%80%EC%9D%80%ED%9D%AC&sm=tab_etc&ie=utf8&key=PeopleService&os=172329
김은희,https://people.search.naver.com/search.naver?where=nexearch&query=%EA%B9%80%EC%9D%80%ED%9D%AC&sm=tab_etc&ie=utf8&key=PeopleService&os=208774
김의찬,https://people.search.naver.com/search.naver?where=nexearch&query=%EA%B9%80%EC%9D%98%EC%B0%AC&sm=tab_etc&ie=utf8&key=PeopleService&os=167089
김이영,https://people.search.naver.com/search.naver?where=nexearch&query=%EA%B9%80%EC%9D%B4%EC%98%81&sm=tab_etc&ie=utf8&key=PeopleService&os=155471
김인영,https://people.search.naver.com/search.naver?where=nexearch&query=%EA%B9%80%EC%9D%B8%EC%98%81&sm=tab_etc&ie=utf8&key=PeopleService&os=114895
김재은,https://people.search.naver.com/search.naver?where=nexearch&query=%EA%B9%80%EC%9E%AC%EC%9D%80&sm=tab_etc&ie=utf8&key=PeopleService&os=178343
김정수,https://people.search.naver.com/search.naver?where=nexearch&query=%EA%B9%80%EC%A0%95%EC%88%98&sm=tab_etc&ie=utf8&key=PeopleService&os=101511
김지선,https://people.search.naver.com/search.naver?where=nexearch&query=%EA%B9%80%EC%A7%80%EC%84%A0&sm=tab_etc&ie=utf8&key=PeopleService&os=3050390
김지수,https://people.search.naver.com/search.naver?where=nexearch&query=%EA%B9%80%EC%A7%80%EC%88%98&sm=tab_etc&ie=utf8&key=PeopleService&os=214718
김지우,https://people.search.naver.com/search.naver?where=nexearch&query=%EA%B9%80%EC%A7%80%EC%9A%B0&sm=tab_etc&ie=utf8&key=PeopleService&os=142629
김지운,https://people.search.naver.com/search.naver?where=nexearch&query=%EA%B9%80%EC%A7%80%EC%9A%B4&sm=tab_etc&ie=utf8&key=PeopleService&os=483016
김지은,https://people.search.naver.com/search.naver?where=nexearch&query=%EA%B9%80%EC%A7%80%EC%9D%80&sm=tab_etc&ie=utf8&key=PeopleService&os=1975462
김지현,https://people.search.naver.com/search.naver?where=nexearch&query=%EA%B9%80%EC%A7%80%ED%98%84&sm=tab_etc&ie=utf8&key=PeopleService&os=3205385
김진무,https://people.search.naver.com/search.naver?where=nexearch&query=%EA%B9%80%EC%A7%84%EB%AC%B4&sm=tab_etc&ie=utf8&key=PeopleService&os=1741487
김진숙,https://people.search.naver.com/search.naver?where=nexearch&query=%EA%B9%80%EC%A7%84%EC%88%99&sm=tab_etc&ie=utf8&key=PeopleService&os=112151
김진희,https://people.search.naver.com/search.naver?where=nexearch&query=%EA%B9%80%EC%A7%84%ED%9D%AC&sm=tab_etc&ie=utf8&key=PeopleService&os=481537
김태희,https://people.search.naver.com/search.naver?where=nexearch&query=%EA%B9%80%ED%83%9C%ED%9D%AC&sm=tab_etc&ie=utf8&key=PeopleService&os=190436
김한솔,https://people.search.naver.com/search.naver?where=nexearch&query=%EA%B9%80%ED%95%9C%EC%86%94&sm=tab_etc&ie=utf8&key=PeopleService&os=586076
김현경,https://people.search.naver.com/search.naver?where=nexearch&query=%EA%B9%80%ED%98%84%EA%B2%BD&sm=tab_etc&ie=utf8&key=PeopleService&os=262755
김현정,https://people.search.naver.com/search.naver?where=nexearch&query=%EA%B9%80%ED%98%84%EC%A0%95&sm=tab_etc&ie=utf8&key=PeopleService&os=556701
김현정,https://people.search.naver.com/search.naver?where=nexearch&query=%EA%B9%80%ED%98%84%EC%A0%95&sm=tab_etc&ie=utf8&key=PeopleService&os=5738639
김현준,https://people.search.naver.com/search.naver?where=nexearch&query=%EA%B9%80%ED%98%84%EC%A4%80&sm=tab_etc&ie=utf8&key=PeopleService&os=185890
김현희,https://people.search.naver.com/search.naver?where=nexearch&query=%EA%B9%80%ED%98%84%ED%9D%AC&sm=tab_etc&ie=utf8&key=PeopleService&os=163619
김홍주,https://people.search.naver.com/search.naver?where=nexearch&query=%EA%B9%80%ED%99%8D%EC%A3%BC&sm=tab_etc&ie=utf8&key=PeopleService&os=221689
김환채,https://people.search.naver.com/search.naver?where=nexearch&query=%EA%B9%80%ED%99%98%EC%B1%84&sm=tab_etc&ie=utf8&key=PeopleService&os=481621
김효선,https://people.search.naver.com/search.naver?where=nexearch&query=%EA%B9%80%ED%9A%A8%EC%84%A0&sm=tab_etc&ie=utf8&key=PeopleService&os=313987
김희재,https://people.search.naver.com/search.naver?where=nexearch&query=%EA%B9%80%ED%9D%AC%EC%9E%AC&sm=tab_etc&ie=utf8&key=PeopleService&os=100759
나연숙,https://people.search.naver.com/search.naver?where=nexearch&query=%EB%82%98%EC%97%B0%EC%88%99&sm=tab_etc&ie=utf8&key=PeopleService&os=159471
남상욱,https://people.search.naver.com/search.naver?where=nexearch&query=%EB%82%A8%EC%83%81%EC%9A%B1&sm=tab_etc&ie=utf8&key=PeopleService&os=474772
노지설,https://people.search.naver.com/search.naver?where=nexearch&query=%EB%85%B8%EC%A7%80%EC%84%A4&sm=tab_etc&ie=utf8&key=PeopleService&os=190109
노지현,https://people.search.naver.com/search.naver?where=nexearch&query=%EB%85%B8%EC%A7%80%ED%98%84&sm=tab_etc&ie=utf8&key=PeopleService&os=285619
노창,https://people.search.naver.com/search.naver?where=nexearch&query=%EB%85%B8%EC%B0%BD&sm=tab_etc&ie=utf8&key=PeopleService&os=489700
노혜영,https://people.search.naver.com/search.naver?where=nexearch&query=%EB%85%B8%ED%98%9C%EC%98%81&sm=tab_etc&ie=utf8&key=PeopleService&os=6656952
노희경,https://people.search.naver.com/search.naver?where=nexearch&query=%EB%85%B8%ED%9D%AC%EA%B2%BD&sm=tab_etc&ie=utf8&key=PeopleService&os=97669
도현정,https://people.search.naver.com/search.naver?where=nexearch&query=%EB%8F%84%ED%98%84%EC%A0%95&sm=tab_etc&ie=utf8&key=PeopleService&os=309916
류문상,https://people.search.naver.com/search.naver?where=nexearch&query=%EB%A5%98%EB%AC%B8%EC%83%81&sm=tab_etc&ie=utf8&key=PeopleService&os=651292
류성희,https://people.search.naver.com/search.naver?where=nexearch&query=%EB%A5%98%EC%84%B1%ED%9D%AC&sm=tab_etc&ie=utf8&key=PeopleService&os=176735
류용재,https://people.search.naver.com/search.naver?where=nexearch&query=%EB%A5%98%EC%9A%A9%EC%9E%AC&sm=tab_etc&ie=utf8&key=PeopleService&os=2052879
마석철,https://people.search.naver.com/search.naver?where=nexearch&query=%EB%A7%88%EC%84%9D%EC%B2%A0&sm=tab_etc&ie=utf8&key=PeopleService&os=178627
마주희,https://people.search.naver.com/search.naver?where=nexearch&query=%EB%A7%88%EC%A3%BC%ED%9D%AC&sm=tab_etc&ie=utf8&key=PeopleService&os=1697320
마진원,https://people.search.naver.com/search.naver?where=nexearch&query=%EB%A7%88%EC%A7%84%EC%9B%90&sm=tab_etc&ie=utf8&key=PeopleService&os=262938
마창준,https://people.search.naver.com/search.naver?where=nexearch&query=%EB%A7%88%EC%B0%BD%EC%A4%80&sm=tab_etc&ie=utf8&key=PeopleService&os=483812
명수현,https://people.search.naver.com/search.naver?where=nexearch&query=%EB%AA%85%EC%88%98%ED%98%84&sm=tab_etc&ie=utf8&key=PeopleService&os=174299
목연희,https://people.search.naver.com/search.naver?where=nexearch&query=%EB%AA%A9%EC%97%B0%ED%9D%AC&sm=tab_etc&ie=utf8&key=PeopleService&os=264044
문기람,https://people.search.naver.com/search.naver?where=nexearch&query=%EB%AC%B8%EA%B8%B0%EB%9E%8C&sm=tab_etc&ie=utf8&key=PeopleService&os=2994183
문선희,https://people.search.naver.com/search.naver?where=nexearch&query=%EB%AC%B8%EC%84%A0%ED%9D%AC&sm=tab_etc&ie=utf8&key=PeopleService&os=187565
문소산,https://people.search.naver.com/search.naver?where=nexearch&query=%EB%AC%B8%EC%86%8C%EC%82%B0&sm=tab_etc&ie=utf8&key=PeopleService&os=2647238
문영남,https://people.search.naver.com/search.naver?where=nexearch&query=%EB%AC%B8%EC%98%81%EB%82%A8&sm=tab_etc&ie=utf8&key=PeopleService&os=94145
문영훈,https://people.search.naver.com/search.naver?where=nexearch&query=%EB%AC%B8%EC%98%81%ED%9B%88&sm=tab_etc&ie=utf8&key=PeopleService&os=14332171
문유석,https://people.search.naver.com/search.naver?where=nexearch&query=%EB%AC%B8%EC%9C%A0%EC%84%9D&sm=tab_etc&ie=utf8&key=PeopleService&os=1970840
문은아,https://people.search.naver.com/search.naver?where=nexearch&query=%EB%AC%B8%EC%9D%80%EC%95%84&sm=tab_etc&ie=utf8&key=PeopleService&os=162707
문지영,https://people.search.naver.com/search.naver?where=nexearch&query=%EB%AC%B8%EC%A7%80%EC%98%81&sm=tab_etc&ie=utf8&key=PeopleService&os=13840137
문희정,https://people.search.naver.com/search.naver?where=nexearch&query=%EB%AC%B8%ED%9D%AC%EC%A0%95&sm=tab_etc&ie=utf8&key=PeopleService&os=208939
민지형,https://people.search.naver.com/search.naver?where=nexearch&query=%EB%AF%BC%EC%A7%80%ED%98%95&sm=tab_etc&ie=utf8&key=PeopleService&os=10843702
박경선,https://people.search.naver.com/search.naver?where=nexearch&query=%EB%B0%95%EA%B2%BD%EC%84%A0&sm=tab_etc&ie=utf8&key=PeopleService&os=208044
박경수,https://people.search.naver.com/search.naver?where=nexearch&query=%EB%B0%95%EA%B2%BD%EC%88%98&sm=tab_etc&ie=utf8&key=PeopleService&os=317038
박계옥,https://people.search.naver.com/search.naver?where=nexearch&query=%EB%B0%95%EA%B3%84%EC%98%A5&sm=tab_etc&ie=utf8&key=PeopleService&os=129512
박민정,https://people.search.naver.com/search.naver?where=nexearch&query=%EB%B0%95%EB%AF%BC%EC%A0%95&sm=tab_etc&ie=utf8&key=PeopleService&os=151234
박범수,https://people.search.naver.com/search.naver?where=nexearch&query=%EB%B0%95%EB%B2%94%EC%88%98&sm=tab_etc&ie=utf8&key=PeopleService&os=220475
박상연,https://people.search.naver.com/search.naver?where=nexearch&query=%EB%B0%95%EC%83%81%EC%97%B0&sm=tab_etc&ie=utf8&key=PeopleService&os=167794
박상희,https://people.search.naver.com/search.naver?where=nexearch&query=%EB%B0%95%EC%83%81%ED%9D%AC&sm=tab_etc&ie=utf8&key=PeopleService&os=484728
박선자,https://people.search.naver.com/search.naver?where=nexearch&query=%EB%B0%95%EC%84%A0%EC%9E%90&sm=tab_etc&ie=utf8&key=PeopleService&os=532654
박성진,https://people.search.naver.com/search.naver?where=nexearch&query=%EB%B0%95%EC%84%B1%EC%A7%84&sm=tab_etc&ie=utf8&key=PeopleService&os=213852
박승혜,https://people.search.naver.com/search.naver?where=nexearch&query=%EB%B0%95%EC%8A%B9%ED%98%9C&sm=tab_etc&ie=utf8&key=PeopleService&os=181185
박언희,https://people.search.naver.com/search.naver?where=nexearch&query=%EB%B0%95%EC%96%B8%ED%9D%AC&sm=tab_etc&ie=utf8&key=PeopleService&os=317295
박연선,https://people.search.naver.com/search.naver?where=nexearch&query=%EB%B0%95%EC%97%B0%EC%84%A0&sm=tab_etc&ie=utf8&key=PeopleService&os=182922
박영숙,https://people.search.naver.com/search.naver?where=nexearch&query=%EB%B0%95%EC%98%81%EC%88%99&sm=tab_etc&ie=utf8&key=PeopleService&os=11837404
박예경,https://people.search.naver.com/search.naver?where=nexearch&query=%EB%B0%95%EC%98%88%EA%B2%BD&sm=tab_etc&ie=utf8&key=PeopleService&os=178026
박유미,https://people.search.naver.com/search.naver?where=nexearch&query=%EB%B0%95%EC%9C%A0%EB%AF%B8&sm=tab_etc&ie=utf8&key=PeopleService&os=262456
박윤후,https://people.search.naver.com/search.naver?where=nexearch&query=%EB%B0%95%EC%9C%A4%ED%9B%84&sm=tab_etc&ie=utf8&key=PeopleService&os=245870
박은령,https://people.search.naver.com/search.naver?where=nexearch&query=%EB%B0%95%EC%9D%80%EB%A0%B9&sm=tab_etc&ie=utf8&key=PeopleService&os=112184
박은미,https://people.search.naver.com/search.naver?where=nexearch&query=%EB%B0%95%EC%9D%80%EB%AF%B8&sm=tab_etc&ie=utf8&key=PeopleService&os=1683952
박은영,https://people.search.naver.com/search.naver?where=nexearch&query=%EB%B0%95%EC%9D%80%EC%98%81&sm=tab_etc&ie=utf8&key=PeopleService&os=183695
박재범,https://people.search.naver.com/search.naver?where=nexearch&query=%EB%B0%95%EC%9E%AC%EB%B2%94&sm=tab_etc&ie=utf8&key=PeopleService&os=189081
박재현,https://people.search.naver.com/search.naver?where=nexearch&query=%EB%B0%95%EC%9E%AC%ED%98%84&sm=tab_etc&ie=utf8&key=PeopleService&os=219667
박정란,https://people.search.naver.com/search.naver?where=nexearch&query=%EB%B0%95%EC%A0%95%EB%9E%80&sm=tab_etc&ie=utf8&key=PeopleService&os=151562
박정화,https://people.search.naver.com/search.naver?where=nexearch&query=%EB%B0%95%EC%A0%95%ED%99%94&sm=tab_etc&ie=utf8&key=PeopleService&os=125440
박지숙,https://people.search.naver.com/search.naver?where=nexearch&query=%EB%B0%95%EC%A7%80%EC%88%99&sm=tab_etc&ie=utf8&key=PeopleService&os=174677
박지은,https://people.search.naver.com/search.naver?where=nexearch&query=%EB%B0%95%EC%A7%80%EC%9D%80&sm=tab_etc&ie=utf8&key=PeopleService&os=167776
박지현,https://people.search.naver.com/search.naver?where=nexearch&query=%EB%B0%95%EC%A7%80%ED%98%84&sm=tab_etc&ie=utf8&key=PeopleService&os=214674
박지현,https://people.search.naver.com/search.naver?where=nexearch&query=%EB%B0%95%EC%A7%80%ED%98%84&sm=tab_etc&ie=utf8&key=PeopleService&os=563527
박진숙,https://people.search.naver.com/search.naver?where=nexearch&query=%EB%B0%95%EC%A7%84%EC%88%99&sm=tab_etc&ie=utf8&key=PeopleService&os=110698
박진우,https://people.search.naver.com/search.naver?where=nexearch&query=%EB%B0%95%EC%A7%84%EC%9A%B0&sm=tab_etc&ie=utf8&key=PeopleService&os=478968
박필주,https://people.search.naver.com/search.naver?where=nexearch&query=%EB%B0%95%ED%95%84%EC%A3%BC&sm=tab_etc&ie=utf8&key=PeopleService&os=1883304
박해영,https://people.search.naver.com/search.naver?where=nexearch&query=%EB%B0%95%ED%95%B4%EC%98%81&sm=tab_etc&ie=utf8&key=PeopleService&os=312739
박현주,https://people.search.naver.com/search.naver?where=nexearch&query=%EB%B0%95%ED%98%84%EC%A3%BC&sm=tab_etc&ie=utf8&key=PeopleService&os=118306
박현진,https://people.search.naver.com/search.naver?where=nexearch&query=%EB%B0%95%ED%98%84%EC%A7%84&sm=tab_etc&ie=utf8&key=PeopleService&os=266518
박형진,https://people.search.naver.com/search.naver?where=nexearch&query=%EB%B0%95%ED%98%95%EC%A7%84&sm=tab_etc&ie=utf8&key=PeopleService&os=314556
박혜련,https://people.search.naver.com/search.naver?where=nexearch&query=%EB%B0%95%ED%98%9C%EB%A0%A8&sm=tab_etc&ie=utf8&key=PeopleService&os=209009
박혜진,https://people.search.naver.com/search.naver?where=nexearch&query=%EB%B0%95%ED%98%9C%EC%A7%84&sm=tab_etc&ie=utf8&key=PeopleService&os=6492540
방지영,https://people.search.naver.com/search.naver?where=nexearch&query=%EB%B0%A9%EC%A7%80%EC%98%81&sm=tab_etc&ie=utf8&key=PeopleService&os=1881224
방효금,https://people.search.naver.com/search.naver?where=nexearch&query=%EB%B0%A9%ED%9A%A8%EA%B8%88&sm=tab_etc&ie=utf8&key=PeopleService&os=208045
배유미,https://people.search.naver.com/search.naver?where=nexearch&query=%EB%B0%B0%EC%9C%A0%EB%AF%B8&sm=tab_etc&ie=utf8&key=PeopleService&os=113671
배종병,https://people.search.naver.com/search.naver?where=nexearch&query=%EB%B0%B0%EC%A2%85%EB%B3%91&sm=tab_etc&ie=utf8&key=PeopleService&os=216172
백미경,https://people.search.naver.com/search.naver?where=nexearch&query=%EB%B0%B1%EB%AF%B8%EA%B2%BD&sm=tab_etc&ie=utf8&key=PeopleService&os=1734773
백선우,https://people.search.naver.com/search.naver?where=nexearch&query=%EB%B0%B1%EC%84%A0%EC%9A%B0&sm=tab_etc&ie=utf8&key=PeopleService&os=174302
백영숙,https://people.search.naver.com/search.naver?where=nexearch&query=%EB%B0%B1%EC%98%81%EC%88%99&sm=tab_etc&ie=utf8&key=PeopleService&os=178921
백운철,https://people.search.naver.com/search.naver?where=nexearch&query=%EB%B0%B1%EC%9A%B4%EC%B2%A0&sm=tab_etc&ie=utf8&key=PeopleService&os=621845
서동범,https://people.search.naver.com/search.naver?where=nexearch&query=%EC%84%9C%EB%8F%99%EB%B2%94&sm=tab_etc&ie=utf8&key=PeopleService&os=558027
서숙향,https://people.search.naver.com/search.naver?where=nexearch&query=%EC%84%9C%EC%88%99%ED%96%A5&sm=tab_etc&ie=utf8&key=PeopleService&os=156591
서영명,https://people.search.naver.com/search.naver?where=nexearch&query=%EC%84%9C%EC%98%81%EB%AA%85&sm=tab_etc&ie=utf8&key=PeopleService&os=100704
서유선,https://people.search.naver.com/search.naver?where=nexearch&query=%EC%84%9C%EC%9C%A0%EC%84%A0&sm=tab_etc&ie=utf8&key=PeopleService&os=260454
서윤희,https://people.search.naver.com/search.naver?where=nexearch&query=%EC%84%9C%EC%9C%A4%ED%9D%AC&sm=tab_etc&ie=utf8&key=PeopleService&os=301018
서재원,https://people.search.naver.com/search.naver?where=nexearch&query=%EC%84%9C%EC%9E%AC%EC%9B%90&sm=tab_etc&ie=utf8&key=PeopleService&os=316807
서현주,https://people.search.naver.com/search.naver?where=nexearch&query=%EC%84%9C%ED%98%84%EC%A3%BC&sm=tab_etc&ie=utf8&key=PeopleService&os=176246
서희정,https://people.search.naver.com/search.naver?where=nexearch&query=%EC%84%9C%ED%9D%AC%EC%A0%95&sm=tab_etc&ie=utf8&key=PeopleService&os=177475
선영,https://people.search.naver.com/search.naver?where=nexearch&query=%EC%84%A0%EC%98%81&sm=tab_etc&ie=utf8&key=PeopleService&os=533004
설경은,https://people.search.naver.com/search.naver?where=nexearch&query=%EC%84%A4%EA%B2%BD%EC%9D%80&sm=tab_etc&ie=utf8&key=PeopleService&os=174159
설준석,https://people.search.naver.com/search.naver?where=nexearch&query=%EC%84%A4%EC%A4%80%EC%84%9D&sm=tab_etc&ie=utf8&key=PeopleService&os=190964
성민지,https://people.search.naver.com/search.naver?where=nexearch&query=%EC%84%B1%EB%AF%BC%EC%A7%80&sm=tab_etc&ie=utf8&key=PeopleService&os=219666
성주현,https://people.search.naver.com/search.naver?where=nexearch&query=%EC%84%B1%EC%A3%BC%ED%98%84&sm=tab_etc&ie=utf8&key=PeopleService&os=285766
소재원,https://people.search.naver.com/search.naver?where=nexearch&query=%EC%86%8C%EC%9E%AC%EC%9B%90&sm=tab_etc&ie=utf8&key=PeopleService&os=168582
소현경,https://people.search.naver.com/search.naver?where=nexearch&query=%EC%86%8C%ED%98%84%EA%B2%BD&sm=tab_etc&ie=utf8&key=PeopleService&os=167006
손근주,https://people.search.naver.com/search.naver?where=nexearch&query=%EC%86%90%EA%B7%BC%EC%A3%BC&sm=tab_etc&ie=utf8&key=PeopleService&os=485321
손영목,https://people.search.naver.com/search.naver?where=nexearch&query=%EC%86%90%EC%98%81%EB%AA%A9&sm=tab_etc&ie=utf8&key=PeopleService&os=178295
손지혜,https://people.search.naver.com/search.naver?where=nexearch&query=%EC%86%90%EC%A7%80%ED%98%9C&sm=tab_etc&ie=utf8&key=PeopleService&os=207939
송재정,https://people.search.naver.com/search.naver?where=nexearch&query=%EC%86%A1%EC%9E%AC%EC%A0%95&sm=tab_etc&ie=utf8&key=PeopleService&os=314092
송정림,https://people.search.naver.com/search.naver?where=nexearch&query=%EC%86%A1%EC%A0%95%EB%A6%BC&sm=tab_etc&ie=utf8&key=PeopleService&os=115309
송지나,https://people.search.naver.com/search.naver?where=nexearch&query=%EC%86%A1%EC%A7%80%EB%82%98&sm=tab_etc&ie=utf8&key=PeopleService&os=96415
송혜진,https://people.search.naver.com/search.naver?where=nexearch&query=%EC%86%A1%ED%98%9C%EC%A7%84&sm=tab_etc&ie=utf8&key=PeopleService&os=308605
신광호,https://people.search.naver.com/search.naver?where=nexearch&query=%EC%8B%A0%EA%B4%91%ED%98%B8&sm=tab_etc&ie=utf8&key=PeopleService&os=308598
신명진,https://people.search.naver.com/search.naver?where=nexearch&query=%EC%8B%A0%EB%AA%85%EC%A7%84&sm=tab_etc&ie=utf8&key=PeopleService&os=1704530
신명화,https://people.search.naver.com/search.naver?where=nexearch&query=%EC%8B%A0%EB%AA%85%ED%99%94&sm=tab_etc&ie=utf8&key=PeopleService&os=563271
신재원,https://people.search.naver.com/search.naver?where=nexearch&query=%EC%8B%A0%EC%9E%AC%EC%9B%90&sm=tab_etc&ie=utf8&key=PeopleService&os=563545
안소민,https://people.search.naver.com/search.naver?where=nexearch&query=%EC%95%88%EC%86%8C%EB%AF%BC&sm=tab_etc&ie=utf8&key=PeopleService&os=239657
안용진,https://people.search.naver.com/search.naver?where=nexearch&query=%EC%95%88%EC%9A%A9%EC%A7%84&sm=tab_etc&ie=utf8&key=PeopleService&os=150302
안준용,https://people.search.naver.com/search.naver?where=nexearch&query=%EC%95%88%EC%A4%80%EC%9A%A9&sm=tab_etc&ie=utf8&key=PeopleService&os=650112
안홍란,https://people.search.naver.com/search.naver?where=nexearch&query=%EC%95%88%ED%99%8D%EB%9E%80&sm=tab_etc&ie=utf8&key=PeopleService&os=262644
양서윤,https://people.search.naver.com/search.naver?where=nexearch&query=%EC%96%91%EC%84%9C%EC%9C%A4&sm=tab_etc&ie=utf8&key=PeopleService&os=209145
양희승,https://people.search.naver.com/search.naver?where=nexearch&query=%EC%96%91%ED%9D%AC%EC%8A%B9&sm=tab_etc&ie=utf8&key=PeopleService&os=175420
여정미,https://people.search.naver.com/search.naver?where=nexearch&query=%EC%97%AC%EC%A0%95%EB%AF%B8&sm=tab_etc&ie=utf8&key=PeopleService&os=4051493
연상호,https://people.search.naver.com/search.naver?where=nexearch&query=%EC%97%B0%EC%83%81%ED%98%B8&sm=tab_etc&ie=utf8&key=PeopleService&os=263338
염일호,https://people.search.naver.com/search.naver?where=nexearch&query=%EC%97%BC%EC%9D%BC%ED%98%B8&sm=tab_etc&ie=utf8&key=PeopleService&os=654535
오보현,https://people.search.naver.com/search.naver?where=nexearch&query=%EC%98%A4%EB%B3%B4%ED%98%84&sm=tab_etc&ie=utf8&key=PeopleService&os=3035820
오상희,https://people.search.naver.com/search.naver?where=nexearch&query=%EC%98%A4%EC%83%81%ED%9D%AC&sm=tab_etc&ie=utf8&key=PeopleService&os=214112
오선형,https://people.search.naver.com/search.naver?where=nexearch&query=%EC%98%A4%EC%84%A0%ED%98%95&sm=tab_etc&ie=utf8&key=PeopleService&os=179046
오수연,https://people.search.naver.com/search.naver?where=nexearch&query=%EC%98%A4%EC%88%98%EC%97%B0&sm=tab_etc&ie=utf8&key=PeopleService&os=113622
오혜란,https://people.search.naver.com/search.naver?where=nexearch&query=%EC%98%A4%ED%98%9C%EB%9E%80&sm=tab_etc&ie=utf8&key=PeopleService&os=652160
운군일,https://people.search.naver.com/search.naver?where=nexearch&query=%EC%9A%B4%EA%B5%B0%EC%9D%BC&sm=tab_etc&ie=utf8&key=PeopleService&os=144538
원영옥,https://people.search.naver.com/search.naver?where=nexearch&query=%EC%9B%90%EC%98%81%EC%98%A5&sm=tab_etc&ie=utf8&key=PeopleService&os=485142
유남경,https://people.search.naver.com/search.naver?where=nexearch&query=%EC%9C%A0%EB%82%A8%EA%B2%BD&sm=tab_etc&ie=utf8&key=PeopleService&os=217071
유동윤,https://people.search.naver.com/search.naver?where=nexearch&query=%EC%9C%A0%EB%8F%99%EC%9C%A4&sm=tab_etc&ie=utf8&key=PeopleService&os=190764
유병우,https://people.search.naver.com/search.naver?where=nexearch&query=%EC%9C%A0%EB%B3%91%EC%9A%B0&sm=tab_etc&ie=utf8&key=PeopleService&os=641052
유병재,https://people.search.naver.com/search.naver?where=nexearch&query=%EC%9C%A0%EB%B3%91%EC%9E%AC&sm=tab_etc&ie=utf8&key=PeopleService&os=318974
유보라,https://people.search.naver.com/search.naver?where=nexearch&query=%EC%9C%A0%EB%B3%B4%EB%9D%BC&sm=tab_etc&ie=utf8&key=PeopleService&os=485080
유성찬,https://people.search.naver.com/search.naver?where=nexearch&query=%EC%9C%A0%EC%84%B1%EC%B0%AC&sm=tab_etc&ie=utf8&key=PeopleService&os=190665
유숭열,https://people.search.naver.com/search.naver?where=nexearch&query=%EC%9C%A0%EC%88%AD%EC%97%B4&sm=tab_etc&ie=utf8&key=PeopleService&os=186616
유영선,https://people.search.naver.com/search.naver?where=nexearch&query=%EC%9C%A0%EC%98%81%EC%84%A0&sm=tab_etc&ie=utf8&key=PeopleService&os=1929409
유영아,https://people.search.naver.com/search.naver?where=nexearch&query=%EC%9C%A0%EC%98%81%EC%95%84&sm=tab_etc&ie=utf8&key=PeopleService&os=216174
유윤경,https://people.search.naver.com/search.naver?where=nexearch&query=%EC%9C%A0%EC%9C%A4%EA%B2%BD&sm=tab_etc&ie=utf8&key=PeopleService&os=178107
유은하,https://people.search.naver.com/search.naver?where=nexearch&query=%EC%9C%A0%EC%9D%80%ED%95%98&sm=tab_etc&ie=utf8&key=PeopleService&os=2937752
유정희,https://people.search.naver.com/search.naver?where=nexearch&query=%EC%9C%A0%EC%A0%95%ED%9D%AC&sm=tab_etc&ie=utf8&key=PeopleService&os=1956795
유진영,https://people.search.naver.com/search.naver?where=nexearch&query=%EC%9C%A0%EC%A7%84%EC%98%81&sm=tab_etc&ie=utf8&key=PeopleService&os=640058
유현미,https://people.search.naver.com/search.naver?where=nexearch&query=%EC%9C%A0%ED%98%84%EB%AF%B8&sm=tab_etc&ie=utf8&key=PeopleService&os=141823
유혜미,https://people.search.naver.com/search.naver?where=nexearch&query=%EC%9C%A0%ED%98%9C%EB%AF%B8&sm=tab_etc&ie=utf8&key=PeopleService&os=5911376
윤경아,https://people.search.naver.com/search.naver?where=nexearch&query=%EC%9C%A4%EA%B2%BD%EC%95%84&sm=tab_etc&ie=utf8&key=PeopleService&os=175957
윤난중,https://people.search.naver.com/search.naver?where=nexearch&query=%EC%9C%A4%EB%82%9C%EC%A4%91&sm=tab_etc&ie=utf8&key=PeopleService&os=185431
윤선주,https://people.search.naver.com/search.naver?where=nexearch&query=%EC%9C%A4%EC%84%A0%EC%A3%BC&sm=tab_etc&ie=utf8&key=PeopleService&os=139472
윤성희,https://people.search.naver.com/search.naver?where=nexearch&query=%EC%9C%A4%EC%84%B1%ED%9D%AC&sm=tab_etc&ie=utf8&key=PeopleService&os=108993
윤성희,https://people.search.naver.com/search.naver?where=nexearch&query=%EC%9C%A4%EC%84%B1%ED%9D%AC&sm=tab_etc&ie=utf8&key=PeopleService&os=300971
윤성희,https://people.search.naver.com/search.naver?where=nexearch&query=%EC%9C%A4%EC%84%B1%ED%9D%AC&sm=tab_etc&ie=utf8&key=PeopleService&os=640060
윤수정,https://people.search.naver.com/search.naver?where=nexearch&query=%EC%9C%A4%EC%88%98%EC%A0%95&sm=tab_etc&ie=utf8&key=PeopleService&os=311371
윤영미,https://people.search.naver.com/search.naver?where=nexearch&query=%EC%9C%A4%EC%98%81%EB%AF%B8&sm=tab_etc&ie=utf8&key=PeopleService&os=264837
윤영수,https://people.search.naver.com/search.naver?where=nexearch&query=%EC%9C%A4%EC%98%81%EC%88%98&sm=tab_etc&ie=utf8&key=PeopleService&os=178922
윤은경,https://people.search.naver.com/search.naver?where=nexearch&query=%EC%9C%A4%EC%9D%80%EA%B2%BD&sm=tab_etc&ie=utf8&key=PeopleService&os=172327
윤정건,https://people.search.naver.com/search.naver?where=nexearch&query=%EC%9C%A4%EC%A0%95%EA%B1%B4&sm=tab_etc&ie=utf8&key=PeopleService&os=182593
윤지련,https://people.search.naver.com/search.naver?where=nexearch&query=%EC%9C%A4%EC%A7%80%EB%A0%A8&sm=tab_etc&ie=utf8&key=PeopleService&os=163145
윤현호,https://people.search.naver.com/search.naver?where=nexearch&query=%EC%9C%A4%ED%98%84%ED%98%B8&sm=tab_etc&ie=utf8&key=PeopleService&os=2217572
이강,https://people.search.naver.com/search.naver?where=nexearch&query=%EC%9D%B4%EA%B0%95&sm=tab_etc&ie=utf8&key=PeopleService&os=2287611
이경미,https://people.search.naver.com/search.naver?where=nexearch&query=%EC%9D%B4%EA%B2%BD%EB%AF%B8&sm=tab_etc&ie=utf8&key=PeopleService&os=158767
이경희,https://people.search.naver.com/search.naver?where=nexearch&query=%EC%9D%B4%EA%B2%BD%ED%9D%AC&sm=tab_etc&ie=utf8&key=PeopleService&os=103097
이광근,https://people.search.naver.com/search.naver?where=nexearch&query=%EC%9D%B4%EA%B4%91%EA%B7%BC&sm=tab_etc&ie=utf8&key=PeopleService&os=1705198
이광재,https://people.search.naver.com/search.naver?where=nexearch&query=%EC%9D%B4%EA%B4%91%EC%9E%AC&sm=tab_etc&ie=utf8&key=PeopleService&os=1685132
이근영,https://people.search.naver.com/search.naver?where=nexearch&query=%EC%9D%B4%EA%B7%BC%EC%98%81&sm=tab_etc&ie=utf8&key=PeopleService&os=215826
이금림,https://people.search.naver.com/search.naver?where=nexearch&query=%EC%9D%B4%EA%B8%88%EB%A6%BC&sm=tab_etc&ie=utf8&key=PeopleService&os=112221
이금주,https://people.search.naver.com/search.naver?where=nexearch&query=%EC%9D%B4%EA%B8%88%EC%A3%BC&sm=tab_etc&ie=utf8&key=PeopleService&os=191845
이기원,https://people.search.naver.com/search.naver?where=nexearch&query=%EC%9D%B4%EA%B8%B0%EC%9B%90&sm=tab_etc&ie=utf8&key=PeopleService&os=172381
이남규,https://people.search.naver.com/search.naver?where=nexearch&query=%EC%9D%B4%EB%82%A8%EA%B7%9C&sm=tab_etc&ie=utf8&key=PeopleService&os=550134
이덕재,https://people.search.naver.com/search.naver?where=nexearch&query=%EC%9D%B4%EB%8D%95%EC%9E%AC&sm=tab_etc&ie=utf8&key=PeopleService&os=107330
이도현,https://people.search.naver.com/search.naver?where=nexearch&query=%EC%9D%B4%EB%8F%84%ED%98%84&sm=tab_etc&ie=utf8&key=PeopleService&os=3059575
이란,https://people.search.naver.com/search.naver?where=nexearch&query=%EC%9D%B4%EB%9E%80&sm=tab_etc&ie=utf8&key=PeopleService&os=285776
이명숙,https://people.search.naver.com/search.naver?where=nexearch&query=%EC%9D%B4%EB%AA%85%EC%88%99&sm=tab_etc&ie=utf8&key=PeopleService&os=190587
이명희,https://people.search.naver.com/search.naver?where=nexearch&query=%EC%9D%B4%EB%AA%85%ED%9D%AC&sm=tab_etc&ie=utf8&key=PeopleService&os=317930
이미나,https://people.search.naver.com/search.naver?where=nexearch&query=%EC%9D%B4%EB%AF%B8%EB%82%98&sm=tab_etc&ie=utf8&key=PeopleService&os=102628
이미림,https://people.search.naver.com/search.naver?where=nexearch&query=%EC%9D%B4%EB%AF%B8%EB%A6%BC&sm=tab_etc&ie=utf8&key=PeopleService&os=1733454
이병헌,https://people.search.naver.com/search.naver?where=nexearch&query=%EC%9D%B4%EB%B3%91%ED%97%8C&sm=tab_etc&ie=utf8&key=PeopleService&os=586242
이새인,https://people.search.naver.com/search.naver?where=nexearch&query=%EC%9D%B4%EC%83%88%EC%9D%B8&sm=tab_etc&ie=utf8&key=PeopleService&os=177657
이서윤,https://people.search.naver.com/search.naver?where=nexearch&query=%EC%9D%B4%EC%84%9C%EC%9C%A4&sm=tab_etc&ie=utf8&key=PeopleService&os=190731
이선미,https://people.search.naver.com/search.naver?where=nexearch&query=%EC%9D%B4%EC%84%A0%EB%AF%B8&sm=tab_etc&ie=utf8&key=PeopleService&os=150960
이선영,https://people.search.naver.com/search.naver?where=nexearch&query=%EC%9D%B4%EC%84%A0%EC%98%81&sm=tab_etc&ie=utf8&key=PeopleService&os=183257
이선정,https://people.search.naver.com/search.naver?where=nexearch&query=%EC%9D%B4%EC%84%A0%EC%A0%95&sm=tab_etc&ie=utf8&key=PeopleService&os=1860736
이선혜,https://people.search.naver.com/search.naver?where=nexearch&query=%EC%9D%B4%EC%84%A0%ED%98%9C&sm=tab_etc&ie=utf8&key=PeopleService&os=478933
이선희,https://people.search.naver.com/search.naver?where=nexearch&query=%EC%9D%B4%EC%84%A0%ED%9D%AC&sm=tab_etc&ie=utf8&key=PeopleService&os=158040
이성은,https://people.search.naver.com/search.naver?where=nexearch&query=%EC%9D%B4%EC%84%B1%EC%9D%80&sm=tab_etc&ie=utf8&key=PeopleService&os=247935
이세라,https://people.search.naver.com/search.naver?where=nexearch&query=%EC%9D%B4%EC%84%B8%EB%9D%BC&sm=tab_etc&ie=utf8&key=PeopleService&os=292154
이수연,https://people.search.naver.com/search.naver?where=nexearch&query=%EC%9D%B4%EC%88%98%EC%97%B0&sm=tab_etc&ie=utf8&key=PeopleService&os=6293981
이숙진,https://people.search.naver.com/search.naver?where=nexearch&query=%EC%9D%B4%EC%88%99%EC%A7%84&sm=tab_etc&ie=utf8&key=PeopleService&os=243095
이승무,https://people.search.naver.com/search.naver?where=nexearch&query=%EC%9D%B4%EC%8A%B9%EB%AC%B4&sm=tab_etc&ie=utf8&key=PeopleService&os=148342
이시은,https://people.search.naver.com/search.naver?where=nexearch&query=%EC%9D%B4%EC%8B%9C%EC%9D%80&sm=tab_etc&ie=utf8&key=PeopleService&os=621852
이시현,https://people.search.naver.com/search.naver?where=nexearch&query=%EC%9D%B4%EC%8B%9C%ED%98%84&sm=tab_etc&ie=utf8&key=PeopleService&os=266502
이영철,https://people.search.naver.com/search.naver?where=nexearch&query=%EC%9D%B4%EC%98%81%EC%B2%A0&sm=tab_etc&ie=utf8&key=PeopleService&os=190232
이영철,https://people.search.naver.com/search.naver?where=nexearch&query=%EC%9D%B4%EC%98%81%EC%B2%A0&sm=tab_etc&ie=utf8&key=PeopleService&os=214419
이우정,https://people.search.naver.com/search.naver?where=nexearch&query=%EC%9D%B4%EC%9A%B0%EC%A0%95&sm=tab_etc&ie=utf8&key=PeopleService&os=162631
이원준,https://people.search.naver.com/search.naver?where=nexearch&query=%EC%9D%B4%EC%9B%90%EC%A4%80&sm=tab_etc&ie=utf8&key=PeopleService&os=301797
이유진,https://people.search.naver.com/search.naver?where=nexearch&query=%EC%9D%B4%EC%9C%A0%EC%A7%84&sm=tab_etc&ie=utf8&key=PeopleService&os=119761
이유진,https://people.search.naver.com/search.naver?where=nexearch&query=%EC%9D%B4%EC%9C%A0%EC%A7%84&sm=tab_etc&ie=utf8&key=PeopleService&os=2401092
이윤종,https://people.search.naver.com/search.naver?where=nexearch&query=%EC%9D%B4%EC%9C%A4%EC%A2%85&sm=tab_etc&ie=utf8&key=PeopleService&os=552702
이은미,https://people.search.naver.com/search.naver?where=nexearch&query=%EC%9D%B4%EC%9D%80%EB%AF%B8&sm=tab_etc&ie=utf8&key=PeopleService&os=739078
이은성,https://people.search.naver.com/search.naver?where=nexearch&query=%EC%9D%B4%EC%9D%80%EC%84%B1&sm=tab_etc&ie=utf8&key=PeopleService&os=213078
이은영,https://people.search.naver.com/search.naver?where=nexearch&query=%EC%9D%B4%EC%9D%80%EC%98%81&sm=tab_etc&ie=utf8&key=PeopleService&os=246329
이은주,https://people.search.naver.com/search.naver?where=nexearch&query=%EC%9D%B4%EC%9D%80%EC%A3%BC&sm=tab_etc&ie=utf8&key=PeopleService&os=174161
이정란,https://people.search.naver.com/search.naver?where=nexearch&query=%EC%9D%B4%EC%A0%95%EB%9E%80&sm=tab_etc&ie=utf8&key=PeopleService&os=151247
이정선,https://people.search.naver.com/search.naver?where=nexearch&query=%EC%9D%B4%EC%A0%95%EC%84%A0&sm=tab_etc&ie=utf8&key=PeopleService&os=217007
이정선,https://people.search.naver.com/search.naver?where=nexearch&query=%EC%9D%B4%EC%A0%95%EC%84%A0&sm=tab_etc&ie=utf8&key=PeopleService&os=481624
이정우,https://people.search.naver.com/search.naver?where=nexearch&query=%EC%9D%B4%EC%A0%95%EC%9A%B0&sm=tab_etc&ie=utf8&key=PeopleService&os=1876890
이주연,https://people.search.naver.com/search.naver?where=nexearch&query=%EC%9D%B4%EC%A3%BC%EC%97%B0&sm=tab_etc&ie=utf8&key=PeopleService&os=285778
이지향,https://people.search.naver.com/search.naver?where=nexearch&query=%EC%9D%B4%EC%A7%80%ED%96%A5&sm=tab_etc&ie=utf8&key=PeopleService&os=639767
이진매,https://people.search.naver.com/search.naver?where=nexearch&query=%EC%9D%B4%EC%A7%84%EB%A7%A4&sm=tab_etc&ie=utf8&key=PeopleService&os=180893
이하나,https://people.search.naver.com/search.naver?where=nexearch&query=%EC%9D%B4%ED%95%98%EB%82%98&sm=tab_etc&ie=utf8&key=PeopleService&os=658117
이한호,https://people.search.naver.com/search.naver?where=nexearch&query=%EC%9D%B4%ED%95%9C%ED%98%B8&sm=tab_etc&ie=utf8&key=PeopleService&os=190775
이향희,https://people.search.naver.com/search.naver?where=nexearch&query=%EC%9D%B4%ED%96%A5%ED%9D%AC&sm=tab_etc&ie=utf8&key=PeopleService&os=179729
이현재,https://people.search.naver.com/search.naver?where=nexearch&query=%EC%9D%B4%ED%98%84%EC%9E%AC&sm=tab_etc&ie=utf8&key=PeopleService&os=654664
이현주,https://people.search.naver.com/search.naver?where=nexearch&query=%EC%9D%B4%ED%98%84%EC%A3%BC&sm=tab_etc&ie=utf8&key=PeopleService&os=262751
이혜선,https://people.search.naver.com/search.naver?where=nexearch&query=%EC%9D%B4%ED%98%9C%EC%84%A0&sm=tab_etc&ie=utf8&key=PeopleService&os=481932
이홍구,https://people.search.naver.com/search.naver?where=nexearch&query=%EC%9D%B4%ED%99%8D%EA%B5%AC&sm=tab_etc&ie=utf8&key=PeopleService&os=161656
이환경,https://people.search.naver.com/search.naver?where=nexearch&query=%EC%9D%B4%ED%99%98%EA%B2%BD&sm=tab_etc&ie=utf8&key=PeopleService&os=102631
이희명,https://people.search.naver.com/search.naver?where=nexearch&query=%EC%9D%B4%ED%9D%AC%EB%AA%85&sm=tab_etc&ie=utf8&key=PeopleService&os=182307
이희우,https://people.search.naver.com/search.naver?where=nexearch&query=%EC%9D%B4%ED%9D%AC%EC%9A%B0&sm=tab_etc&ie=utf8&key=PeopleService&os=106806
인은아,https://people.search.naver.com/search.naver?where=nexearch&query=%EC%9D%B8%EC%9D%80%EC%95%84&sm=tab_etc&ie=utf8&key=PeopleService&os=119286
임상춘,https://people.search.naver.com/search.naver?where=nexearch&query=%EC%9E%84%EC%83%81%EC%B6%98&sm=tab_etc&ie=utf8&key=PeopleService&os=2023570
임수미,https://people.search.naver.com/search.naver?where=nexearch&query=%EC%9E%84%EC%88%98%EB%AF%B8&sm=tab_etc&ie=utf8&key=PeopleService&os=174301
임예진,https://people.search.naver.com/search.naver?where=nexearch&query=%EC%9E%84%EC%98%88%EC%A7%84&sm=tab_etc&ie=utf8&key=PeopleService&os=13996453
임채준,https://people.search.naver.com/search.naver?where=nexearch&query=%EC%9E%84%EC%B1%84%EC%A4%80&sm=tab_etc&ie=utf8&key=PeopleService&os=222597
장덕균,https://people.search.naver.com/search.naver?where=nexearch&query=%EC%9E%A5%EB%8D%95%EA%B7%A0&sm=tab_etc&ie=utf8&key=PeopleService&os=109362
장민석,https://people.search.naver.com/search.naver?where=nexearch&query=%EC%9E%A5%EB%AF%BC%EC%84%9D&sm=tab_etc&ie=utf8&key=PeopleService&os=918033
장영실,https://people.search.naver.com/search.naver?where=nexearch&query=%EC%9E%A5%EC%98%81%EC%8B%A4&sm=tab_etc&ie=utf8&key=PeopleService&os=181700
장영철,https://people.search.naver.com/search.naver?where=nexearch&query=%EC%9E%A5%EC%98%81%EC%B2%A0&sm=tab_etc&ie=utf8&key=PeopleService&os=150888
장은미,https://people.search.naver.com/search.naver?where=nexearch&query=%EC%9E%A5%EC%9D%80%EB%AF%B8&sm=tab_etc&ie=utf8&key=PeopleService&os=285768
장진아,https://people.search.naver.com/search.naver?where=nexearch&query=%EC%9E%A5%EC%A7%84%EC%95%84&sm=tab_etc&ie=utf8&key=PeopleService&os=261217
장항준,https://people.search.naver.com/search.naver?where=nexearch&query=%EC%9E%A5%ED%95%AD%EC%A4%80&sm=tab_etc&ie=utf8&key=PeopleService&os=109375
전신혜,https://people.search.naver.com/search.naver?where=nexearch&query=%EC%A0%84%EC%8B%A0%ED%98%9C&sm=tab_etc&ie=utf8&key=PeopleService&os=285615
전지현,https://people.search.naver.com/search.naver?where=nexearch&query=%EC%A0%84%EC%A7%80%ED%98%84&sm=tab_etc&ie=utf8&key=PeopleService&os=190438
전철홍,https://people.search.naver.com/search.naver?where=nexearch&query=%EC%A0%84%EC%B2%A0%ED%99%8D&sm=tab_etc&ie=utf8&key=PeopleService&os=285568
전현진,https://people.search.naver.com/search.naver?where=nexearch&query=%EC%A0%84%ED%98%84%EC%A7%84&sm=tab_etc&ie=utf8&key=PeopleService&os=246240
정경순,https://people.search.naver.com/search.naver?where=nexearch&query=%EC%A0%95%EA%B2%BD%EC%88%9C&sm=tab_etc&ie=utf8&key=PeopleService&os=190489
정도윤,https://people.search.naver.com/search.naver?where=nexearch&query=%EC%A0%95%EB%8F%84%EC%9C%A4&sm=tab_etc&ie=utf8&key=PeopleService&os=185835
정서경,https://people.search.naver.com/search.naver?where=nexearch&query=%EC%A0%95%EC%84%9C%EA%B2%BD&sm=tab_etc&ie=utf8&key=PeopleService&os=139279
정성주,https://people.search.naver.com/search.naver?where=nexearch&query=%EC%A0%95%EC%84%B1%EC%A3%BC&sm=tab_etc&ie=utf8&key=PeopleService&os=108498
정성희,https://people.search.naver.com/search.naver?where=nexearch&query=%EC%A0%95%EC%84%B1%ED%9D%AC&sm=tab_etc&ie=utf8&key=PeopleService&os=115843
정세랑,https://people.search.naver.com/search.naver?where=nexearch&query=%EC%A0%95%EC%84%B8%EB%9E%91&sm=tab_etc&ie=utf8&key=PeopleService&os=180495
정수현,https://people.search.naver.com/search.naver?where=nexearch&query=%EC%A0%95%EC%88%98%ED%98%84&sm=tab_etc&ie=utf8&key=PeopleService&os=162545
정용기,https://people.search.naver.com/search.naver?where=nexearch&query=%EC%A0%95%EC%9A%A9%EA%B8%B0&sm=tab_etc&ie=utf8&key=PeopleService&os=109435
정유경,https://people.search.naver.com/search.naver?where=nexearch&query=%EC%A0%95%EC%9C%A0%EA%B2%BD&sm=tab_etc&ie=utf8&key=PeopleService&os=182033
정윤정,https://people.search.naver.com/search.naver?where=nexearch&query=%EC%A0%95%EC%9C%A4%EC%A0%95&sm=tab_etc&ie=utf8&key=PeopleService&os=313412
정지우,https://people.search.naver.com/search.naver?where=nexearch&query=%EC%A0%95%EC%A7%80%EC%9A%B0&sm=tab_etc&ie=utf8&key=PeopleService&os=172978
정지은,https://people.search.naver.com/search.naver?where=nexearch&query=%EC%A0%95%EC%A7%80%EC%9D%80&sm=tab_etc&ie=utf8&key=PeopleService&os=585323
정진영,https://people.search.naver.com/search.naver?where=nexearch&query=%EC%A0%95%EC%A7%84%EC%98%81&sm=tab_etc&ie=utf8&key=PeopleService&os=556766
정하연,https://people.search.naver.com/search.naver?where=nexearch&query=%EC%A0%95%ED%95%98%EC%97%B0&sm=tab_etc&ie=utf8&key=PeopleService&os=115992
정해리,https://people.search.naver.com/search.naver?where=nexearch&query=%EC%A0%95%ED%95%B4%EB%A6%AC&sm=tab_etc&ie=utf8&key=PeopleService&os=259667
정현민,https://people.search.naver.com/search.naver?where=nexearch&query=%EC%A0%95%ED%98%84%EB%AF%BC&sm=tab_etc&ie=utf8&key=PeopleService&os=207937
정현정,https://people.search.naver.com/search.naver?where=nexearch&query=%EC%A0%95%ED%98%84%EC%A0%95&sm=tab_etc&ie=utf8&key=PeopleService&os=260496
정형수,https://people.search.naver.com/search.naver?where=nexearch&query=%EC%A0%95%ED%98%95%EC%88%98&sm=tab_etc&ie=utf8&key=PeopleService&os=98137
정혜원,https://people.search.naver.com/search.naver?where=nexearch&query=%EC%A0%95%ED%98%9C%EC%9B%90&sm=tab_etc&ie=utf8&key=PeopleService&os=637823
정희선,https://people.search.naver.com/search.naver?where=nexearch&query=%EC%A0%95%ED%9D%AC%EC%84%A0&sm=tab_etc&ie=utf8&key=PeopleService&os=118304
조규원,https://people.search.naver.com/search.naver?where=nexearch&query=%EC%A1%B0%EA%B7%9C%EC%9B%90&sm=tab_etc&ie=utf8&key=PeopleService&os=183628
조명주,https://people.search.naver.com/search.naver?where=nexearch&query=%EC%A1%B0%EB%AA%85%EC%A3%BC&sm=tab_etc&ie=utf8&key=PeopleService&os=213770
조성희,https://people.search.naver.com/search.naver?where=nexearch&query=%EC%A1%B0%EC%84%B1%ED%9D%AC&sm=tab_etc&ie=utf8&key=PeopleService&os=261249
조수연,https://people.search.naver.com/search.naver?where=nexearch&query=%EC%A1%B0%EC%88%98%EC%97%B0&sm=tab_etc&ie=utf8&key=PeopleService&os=578437
조용,https://people.search.naver.com/search.naver?where=nexearch&query=%EC%A1%B0%EC%9A%A9&sm=tab_etc&ie=utf8&key=PeopleService&os=14312089
조은정,https://people.search.naver.com/search.naver?where=nexearch&query=%EC%A1%B0%EC%9D%80%EC%A0%95&sm=tab_etc&ie=utf8&key=PeopleService&os=269627
조정선,https://people.search.naver.com/search.naver?where=nexearch&query=%EC%A1%B0%EC%A0%95%EC%84%A0&sm=tab_etc&ie=utf8&key=PeopleService&os=174375
조정주,https://people.search.naver.com/search.naver?where=nexearch&query=%EC%A1%B0%EC%A0%95%EC%A3%BC&sm=tab_etc&ie=utf8&key=PeopleService&os=215008
조정화,https://people.search.naver.com/search.naver?where=nexearch&query=%EC%A1%B0%EC%A0%95%ED%99%94&sm=tab_etc&ie=utf8&key=PeopleService&os=318837
조진국,https://people.search.naver.com/search.naver?where=nexearch&query=%EC%A1%B0%EC%A7%84%EA%B5%AD&sm=tab_etc&ie=utf8&key=PeopleService&os=142146
조희,https://people.search.naver.com/search.naver?where=nexearch&query=%EC%A1%B0%ED%9D%AC&sm=tab_etc&ie=utf8&key=PeopleService&os=217894
주찬옥,https://people.search.naver.com/search.naver?where=nexearch&query=%EC%A3%BC%EC%B0%AC%EC%98%A5&sm=tab_etc&ie=utf8&key=PeopleService&os=147591
주화미,https://people.search.naver.com/search.naver?where=nexearch&query=%EC%A3%BC%ED%99%94%EB%AF%B8&sm=tab_etc&ie=utf8&key=PeopleService&os=639011
지상학,https://people.search.naver.com/search.naver?where=nexearch&query=%EC%A7%80%EC%83%81%ED%95%99&sm=tab_etc&ie=utf8&key=PeopleService&os=182139
진수완,https://people.search.naver.com/search.naver?where=nexearch&query=%EC%A7%84%EC%88%98%EC%99%84&sm=tab_etc&ie=utf8&key=PeopleService&os=144614
차이영,https://people.search.naver.com/search.naver?where=nexearch&query=%EC%B0%A8%EC%9D%B4%EC%98%81&sm=tab_etc&ie=utf8&key=PeopleService&os=657799
채승대,https://people.search.naver.com/search.naver?where=nexearch&query=%EC%B1%84%EC%8A%B9%EB%8C%80&sm=tab_etc&ie=utf8&key=PeopleService&os=562472
최대웅,https://people.search.naver.com/search.naver?where=nexearch&query=%EC%B5%9C%EB%8C%80%EC%9B%85&sm=tab_etc&ie=utf8&key=PeopleService&os=263688
최란,https://people.search.naver.com/search.naver?where=nexearch&query=%EC%B5%9C%EB%9E%80&sm=tab_etc&ie=utf8&key=PeopleService&os=474702
최문경,https://people.search.naver.com/search.naver?where=nexearch&query=%EC%B5%9C%EB%AC%B8%EA%B2%BD&sm=tab_etc&ie=utf8&key=PeopleService&os=177106
최민기,https://people.search.naver.com/search.naver?where=nexearch&query=%EC%B5%9C%EB%AF%BC%EA%B8%B0&sm=tab_etc&ie=utf8&key=PeopleService&os=177980
최민석,https://people.search.naver.com/search.naver?where=nexearch&query=%EC%B5%9C%EB%AF%BC%EC%84%9D&sm=tab_etc&ie=utf8&key=PeopleService&os=263814
최보림,https://people.search.naver.com/search.naver?where=nexearch&query=%EC%B5%9C%EB%B3%B4%EB%A6%BC&sm=tab_etc&ie=utf8&key=PeopleService&os=174305
최성실,https://people.search.naver.com/search.naver?where=nexearch&query=%EC%B5%9C%EC%84%B1%EC%8B%A4&sm=tab_etc&ie=utf8&key=PeopleService&os=181943
최수영,https://people.search.naver.com/search.naver?where=nexearch&query=%EC%B5%9C%EC%88%98%EC%98%81&sm=tab_etc&ie=utf8&key=PeopleService&os=550132
최수진,https://people.search.naver.com/search.naver?where=nexearch&query=%EC%B5%9C%EC%88%98%EC%A7%84&sm=tab_etc&ie=utf8&key=PeopleService&os=213762
최순식,https://people.search.naver.com/search.naver?where=nexearch&query=%EC%B5%9C%EC%88%9C%EC%8B%9D&sm=tab_etc&ie=utf8&key=PeopleService&os=182163
최연지,https://people.search.naver.com/search.naver?where=nexearch&query=%EC%B5%9C%EC%97%B0%EC%A7%80&sm=tab_etc&ie=utf8&key=PeopleService&os=190651
최완규,https://people.search.naver.com/search.naver?where=nexearch&query=%EC%B5%9C%EC%99%84%EA%B7%9C&sm=tab_etc&ie=utf8&key=PeopleService&os=108497
최윤교,https://people.search.naver.com/search.naver?where=nexearch&query=%EC%B5%9C%EC%9C%A4%EA%B5%90&sm=tab_etc&ie=utf8&key=PeopleService&os=2298831
최윤정,https://people.search.naver.com/search.naver?where=nexearch&query=%EC%B5%9C%EC%9C%A4%EC%A0%95&sm=tab_etc&ie=utf8&key=PeopleService&os=113875
최윤정,https://people.search.naver.com/search.naver?where=nexearch&query=%EC%B5%9C%EC%9C%A4%EC%A0%95&sm=tab_etc&ie=utf8&key=PeopleService&os=183779
최이랑,https://people.search.naver.com/search.naver?where=nexearch&query=%EC%B5%9C%EC%9D%B4%EB%9E%91&sm=tab_etc&ie=utf8&key=PeopleService&os=180892
최정미,https://people.search.naver.com/search.naver?where=nexearch&query=%EC%B5%9C%EC%A0%95%EB%AF%B8&sm=tab_etc&ie=utf8&key=PeopleService&os=555306
최정현,https://people.search.naver.com/search.naver?where=nexearch&query=%EC%B5%9C%EC%A0%95%ED%98%84&sm=tab_etc&ie=utf8&key=PeopleService&os=554748
최종구,https://people.search.naver.com/search.naver?where=nexearch&query=%EC%B5%9C%EC%A2%85%EA%B5%AC&sm=tab_etc&ie=utf8&key=PeopleService&os=309137
최지영,https://people.search.naver.com/search.naver?where=nexearch&query=%EC%B5%9C%EC%A7%80%EC%98%81&sm=tab_etc&ie=utf8&key=PeopleService&os=550114
최진원,https://people.search.naver.com/search.naver?where=nexearch&query=%EC%B5%9C%EC%A7%84%EC%9B%90&sm=tab_etc&ie=utf8&key=PeopleService&os=121253
최해철,https://people.search.naver.com/search.naver?where=nexearch&query=%EC%B5%9C%ED%95%B4%EC%B2%A0&sm=tab_etc&ie=utf8&key=PeopleService&os=2056399
최현경,https://people.search.naver.com/search.naver?where=nexearch&query=%EC%B5%9C%ED%98%84%EA%B2%BD&sm=tab_etc&ie=utf8&key=PeopleService&os=118073
최호철,https://people.search.naver.com/search.naver?where=nexearch&query=%EC%B5%9C%ED%98%B8%EC%B2%A0&sm=tab_etc&ie=utf8&key=PeopleService&os=639721
최희라,https://people.search.naver.com/search.naver?where=nexearch&query=%EC%B5%9C%ED%9D%AC%EB%9D%BC&sm=tab_etc&ie=utf8&key=PeopleService&os=176820
하명희,https://people.search.naver.com/search.naver?where=nexearch&query=%ED%95%98%EB%AA%85%ED%9D%AC&sm=tab_etc&ie=utf8&key=PeopleService&os=489583
하무수,https://people.search.naver.com/search.naver?where=nexearch&query=%ED%95%98%EB%AC%B4%EC%88%98&sm=tab_etc&ie=utf8&key=PeopleService&os=186609
하청옥,https://people.search.naver.com/search.naver?where=nexearch&query=%ED%95%98%EC%B2%AD%EC%98%A5&sm=tab_etc&ie=utf8&key=PeopleService&os=189119
한상운,https://people.search.naver.com/search.naver?where=nexearch&query=%ED%95%9C%EC%83%81%EC%9A%B4&sm=tab_etc&ie=utf8&key=PeopleService&os=176072
한설희,https://people.search.naver.com/search.naver?where=nexearch&query=%ED%95%9C%EC%84%A4%ED%9D%AC&sm=tab_etc&ie=utf8&key=PeopleService&os=246332
한승운,https://people.search.naver.com/search.naver?where=nexearch&query=%ED%95%9C%EC%8A%B9%EC%9A%B4&sm=tab_etc&ie=utf8&key=PeopleService&os=171343
한정훈,https://people.search.naver.com/search.naver?where=nexearch&query=%ED%95%9C%EC%A0%95%ED%9B%88&sm=tab_etc&ie=utf8&key=PeopleService&os=479532
한준영,https://people.search.naver.com/search.naver?where=nexearch&query=%ED%95%9C%EC%A4%80%EC%98%81&sm=tab_etc&ie=utf8&key=PeopleService&os=191347
한지훈,https://people.search.naver.com/search.naver?where=nexearch&query=%ED%95%9C%EC%A7%80%ED%9B%88&sm=tab_etc&ie=utf8&key=PeopleService&os=175559
한희정,https://people.search.naver.com/search.naver?where=nexearch&query=%ED%95%9C%ED%9D%AC%EC%A0%95&sm=tab_etc&ie=utf8&key=PeopleService&os=316721
허선희,https://people.search.naver.com/search.naver?where=nexearch&query=%ED%97%88%EC%84%A0%ED%9D%AC&sm=tab_etc&ie=utf8&key=PeopleService&os=2668517
허성혜,https://people.search.naver.com/search.naver?where=nexearch&query=%ED%97%88%EC%84%B1%ED%98%9C&sm=tab_etc&ie=utf8&key=PeopleService&os=217468
허숙,https://people.search.naver.com/search.naver?where=nexearch&query=%ED%97%88%EC%88%99&sm=tab_etc&ie=utf8&key=PeopleService&os=217568
허승민,https://people.search.naver.com/search.naver?where=nexearch&query=%ED%97%88%EC%8A%B9%EB%AF%BC&sm=tab_etc&ie=utf8&key=PeopleService&os=14324124
허인무,https://people.search.naver.com/search.naver?where=nexearch&query=%ED%97%88%EC%9D%B8%EB%AC%B4&sm=tab_etc&ie=utf8&key=PeopleService&os=109235
허지영,https://people.search.naver.com/search.naver?where=nexearch&query=%ED%97%88%EC%A7%80%EC%98%81&sm=tab_etc&ie=utf8&key=PeopleService&os=213853
현고운,https://people.search.naver.com/search.naver?where=nexearch&query=%ED%98%84%EA%B3%A0%EC%9A%B4&sm=tab_etc&ie=utf8&key=PeopleService&os=174738
홍미란,https://people.search.naver.com/search.naver?where=nexearch&query=%ED%99%8D%EB%AF%B8%EB%9E%80&sm=tab_etc&ie=utf8&key=PeopleService&os=108411
홍보희,https://people.search.naver.com/search.naver?where=nexearch&query=%ED%99%8D%EB%B3%B4%ED%9D%AC&sm=tab_etc&ie=utf8&key=PeopleService&os=209147
홍승현,https://people.search.naver.com/search.naver?where=nexearch&query=%ED%99%8D%EC%8A%B9%ED%98%84&sm=tab_etc&ie=utf8&key=PeopleService&os=478754
홍승희,https://people.search.naver.com/search.naver?where=nexearch&query=%ED%99%8D%EC%8A%B9%ED%9D%AC&sm=tab_etc&ie=utf8&key=PeopleService&os=651296
홍영희,https://people.search.naver.com/search.naver?where=nexearch&query=%ED%99%8D%EC%98%81%ED%9D%AC&sm=tab_etc&ie=utf8&key=PeopleService&os=215865
홍윤희,https://people.search.naver.com/search.naver?where=nexearch&query=%ED%99%8D%EC%9C%A4%ED%9D%AC&sm=tab_etc&ie=utf8&key=PeopleService&os=2717999
홍자람,https://people.search.naver.com/search.naver?where=nexearch&query=%ED%99%8D%EC%9E%90%EB%9E%8C&sm=tab_etc&ie=utf8&key=PeopleService&os=161271
홍정은,https://people.search.naver.com/search.naver?where=nexearch&query=%ED%99%8D%EC%A0%95%EC%9D%80&sm=tab_etc&ie=utf8&key=PeopleService&os=104528
홍진아,https://people.search.naver.com/search.naver?where=nexearch&query=%ED%99%8D%EC%A7%84%EC%95%84&sm=tab_etc&ie=utf8&key=PeopleService&os=146276
황다은,https://people.search.naver.com/search.naver?where=nexearch&query=%ED%99%A9%EB%8B%A4%EC%9D%80&sm=tab_etc&ie=utf8&key=PeopleService&os=121484
황민아,https://people.search.naver.com/search.naver?where=nexearch&query=%ED%99%A9%EB%AF%BC%EC%95%84&sm=tab_etc&ie=utf8&key=PeopleService&os=211803
황성구,https://people.search.naver.com/search.naver?where=nexearch&query=%ED%99%A9%EC%84%B1%EA%B5%AC&sm=tab_etc&ie=utf8&key=PeopleService&os=161610
황순영,https://people.search.naver.com/search.naver?where=nexearch&query=%ED%99%A9%EC%88%9C%EC%98%81&sm=tab_etc&ie=utf8&key=PeopleService&os=585786
황은경,https://people.search.naver.com/search.naver?where=nexearch&query=%ED%99%A9%EC%9D%80%EA%B2%BD&sm=tab_etc&ie=utf8&key=PeopleService&os=153364
황은오,https://people.search.naver.com/search.naver?where=nexearch&query=%ED%99%A9%EC%9D%80%EC%98%A4&sm=tab_etc&ie=utf8&key=PeopleService&os=654008
황조윤,https://people.search.naver.com/search.naver?where=nexearch&query=%ED%99%A9%EC%A1%B0%EC%9C%A4&sm=tab_etc&ie=utf8&key=PeopleService&os=312405
황주하,https://people.search.naver.com/search.naver?where=nexearch&query=%ED%99%A9%EC%A3%BC%ED%95%98&sm=tab_etc&ie=utf8&key=PeopleService&os=239257
황진영,https://people.search.naver.com/search.naver?where=nexearch&query=%ED%99%A9%EC%A7%84%EC%98%81&sm=tab_etc&ie=utf8&key=PeopleService&os=262169
